NODEID,crash_count,total_killed,total_injured,severity_score,severity_score_norm,intersection_name,latitude,longitude
44700,582,0.0,278.0,499.9973101566775,1.0,MAJOR DEEGAN EXPRESSWAY & WEST FORDHAM ROAD,40.86186388556316,-73.91273784315315
26912,834,0.0,402.0,472.61761550695905,0.9452385600389545,BUFFALO AVENUE & EASTERN PARKWAY & EASTERN PARKWAY LINE,40.66850525271033,-73.92560682554654
29303,1076,1.0,383.0,460.78350786058166,0.921569458405043,ATLANTIC AVENUE & FULTON STREET LINE & PENNSYLVANIA AVENUE,40.67573639407235,-73.89685197457453
28915,988,2.0,448.0,430.94506002431467,0.8618903279172482,LINDEN BOULEVARD & PENNSYLVANIA AVENUE,40.65857648666635,-73.89062134157223
40452,386,0.0,231.0,372.444272100099,0.7448843705254354,CROSS ISLAND PARKWAY & HEMPSTEAD AVENUE,40.71121891474098,-73.7282602664229
95822,536,2.0,294.0,363.81435880416126,0.7276238975774881,BELT PARKWAY & DISTRICT BOUNDARY,40.64261149614595,-73.87647131143005
15968,1428,1.0,287.0,355.01125434221666,0.7100170293259991,FLATBUSH AVENUE EXTENSION & TILLARY STREET,40.69603534136185,-73.98452995779606
47365,302,0.0,191.0,351.14782379017856,0.7022898788619132,2020 CB BOUNDARY & BRUCKNER BOULEVARD & LONGWOOD AVENUE,40.815754565908335,-73.89527690870976
9065197,287,1.0,185.0,332.16944315360615,0.6643316961617924,BRUCKNER EXPRESSWAY WB EXIT 48 & BRUCKNER EXPWY WB EN LEGGETT AVE & LEGGETT AVENUE,40.81309477385652,-73.89825562559325
29756,753,0.0,331.0,313.8205280644036,0.6276324917015987,ATLANTIC AVENUE & LOGAN STREET,40.68001443693011,-73.87742686130885
29315,693,0.0,305.0,306.01110804501434,0.6120130667593716,JACKIE ROBINSON PARKWAY & JAMAICA AVENUE & PENNSYLVANIA AVENUE,40.6781632546092,-73.89747545214588
44120,395,1.0,190.0,302.9791443436999,0.6059489122712459,CROSS BRONX EP SB EN JEROME AV & CROSS BRONX EXPRESSWAY & JEROME AVENUE & JEROME AVENUE LINE,40.84517775469018,-73.91416076370362
26911,488,0.0,323.0,297.24604235020865,0.5944822788911565,EASTERN PARKWAY & EASTERN PARKWAY LINE & ROCHESTER AVENUE,40.668647194108125,-73.92834967195502
99005,186,0.0,119.0,290.83430633957465,0.5816583266490148,BRUCKNER BOULEVARD & EAST 138 STREET,40.80458646725574,-73.91212496110782
28640,537,2.0,276.0,287.30077770385503,0.5745910047262853,LINDEN BOULEVARD & ROCKAWAY AVENUE,40.65473842017596,-73.90692334249326
28567,350,0.0,162.0,282.7800701295882,0.5655492509895539,ROCKAWAY PARKWAY & SHORE PARKWAY,40.6308208047717,-73.8863571262001
43732,674,0.0,240.0,279.4822113023079,0.5589532863347044,AMSTERDAM AVENUE & BIKE PATH & WASHINGTON BRIDGE & WEST 181 STREET,40.84811893850539,-73.93088430107696
9035729,713,0.0,227.0,277.4349407640553,0.5548585919234323,VAN WYCK EXPRESSWAY,40.70453397837511,-73.81743226270399
9031585,527,0.0,205.0,275.2447187648294,0.550477983883554,BRUCKNER BOULEVARD & HUNTS POINT AVENUE,40.82018926750066,-73.89067701263728
27279,682,0.0,290.0,272.18777898775244,0.544363875373266,ATLANTIC AVENUE & EASTERN PARKWAY,40.67618933250074,-73.90808819477544
19489,395,0.0,217.0,267.79240255823305,0.5355727933129774,BROOKLYN QUEENS EXPRESSWAY & KENT AVENUE,40.69998354976191,-73.96179611574271
26863,639,2.0,295.0,265.6036947045661,0.5311952136776221,EASTERN PARKWAY & EASTERN PARKWAY LINE & UTICA AVENUE,40.66879854250314,-73.93111937853939
27050,531,0.0,279.0,259.26910508086564,0.5185255599873936,DISTRICT BOUNDARY & EASTERN PARKWAY & HOWARD AVENUE,40.6694763732542,-73.91996590484914
26801,479,4.0,255.0,252.49127631173968,0.5049693948089571,EASTERN PARKWAY & EASTERN PARKWAY LINE & SCHENECTADY AVENUE,40.668950445687784,-73.93388773700839
100364,331,0.0,147.0,252.44628924474077,0.5048794173055553,LONG ISLAND EXPRESSWAY,40.764304665426074,-73.72305851746718
54159,524,1.0,211.0,252.15957465651644,0.5043059666549958,EAST 233 STREET & WEBSTER AVENUE,40.895377017122904,-73.86355915843276
7442,512,1.0,188.0,251.57627416408218,0.5031393219825719,HYLAN BOULEVARD & NEW DORP LANE,40.570466380139784,-74.10976158324834
18971,588,2.0,229.0,250.37231358370303,0.5007313106485749,ATLANTIC AVENUE & BEDFORD AVENUE & LIRR ATLANTIC LINE,40.67872199514338,-73.95298672707892
41385,665,1.0,190.0,247.70390364662308,0.49539429091806586,2000 CB BOUNDARY & 2010 CB BOUNDARY & BIKE PATH & FLUSHING LINE & JACKSON AVENUE & QUEENS BOULEVARD & QUEENS BOULEVARD LINE & QUEENS PLAZA & QUEENS PLAZA EAST & QUEENS PLAZA SOUTH,40.748916439832314,-73.93739653684719
49100,455,1.0,197.0,244.9899396275033,0.48996615961160533,EAST FORDHAM ROAD & SOUTHERN BOULEVARD,40.85712750810492,-73.88079155252046
36072,669,1.0,313.0,244.1443427563599,0.488274902536507,FARMERS BOULEVARD & NASSAU EXPRESSWAY & ROCKAWAY BOULEVARD,40.65965115751005,-73.77382964781226
81690,433,0.0,220.0,241.69549997073688,0.4833770335538698,BELT PARKWAY & BELT PARKWAY EXIT 21 B EB,40.66726327870976,-73.77017064797896
29632,312,3.0,203.0,240.94221544166928,0.48187040807685616,ASHFORD STREET & LINDEN BOULEVARD,40.66278129466891,-73.88085397024808
42540,684,1.0,198.0,240.39609690733252,0.4807781301054507,2 AVENUE & EAST 125 STREET & RFK BRDG ET 125 STREET 2 AVE,40.80275218022768,-73.93357644809836
42863,414,2.0,222.0,240.03372879912624,0.48005336674869276,EAST 149 STREET & GRAND CONCOURSE & JEROME AVENUE LINE & WHITE PLAINS ROAD LINE,40.81855963342483,-73.92731653179887
52651,476,1.0,132.0,237.59948947175195,0.47518470577631067,BRUCKNER BOULEVARD & WHITE PLAINS ROAD,40.82627734787295,-73.85970333337542
29361,390,1.0,204.0,237.00508086031934,0.4739958440339234,PENNSYLVANIA AVENUE & PITKIN AVENUE,40.67189284482619,-73.89586724973726
27203,484,3.0,268.0,232.44328015377437,0.46487190095487646,ATLANTIC AVENUE & LIRR ATLANTIC LINE & ROCKAWAY AVENUE,40.67634444493921,-73.91092600825262
89767,395,3.0,202.0,231.26520697389938,0.4625156663607808,CROSS BRONX EXPRESSWAY & GRAND CONCOURSE,40.84518989723403,-73.9112272227814
83264,447,0.0,211.0,229.6715583708075,0.4593282497948288,2000 CB BOUNDARY & GRAND CENTRAL PARKWAY,40.7254339130853,-73.8377685707714
15849,428,0.0,151.0,228.82283970623337,0.45763074889905553,ADAMS STREET & BROOKLYN BRIDGE PEDESTRIAN PATH & TILLARY STREET,40.696197996935155,-73.98876441134881
36094,614,9.0,356.0,227.85354743936665,0.4556920917680757,150 ROAD & GUY R BREWER BOULEVARD & NORTH BOUNDARY ROAD & ROCKAWAY BOULEVARD,40.6561601262011,-73.767352743243
70898,374,1.0,184.0,227.23340857386242,0.454451767590422,ATLANTIC AVENUE & LIRR ATLANTIC LINE & UTICA AVENUE,40.67741303776774,-73.93031762749789
85527,357,0.0,185.0,227.08682791397598,0.45415859529217273,BROOKLYN QUEENS EXPRESSWAY,40.702720674364315,-73.96049035113866
48899,544,0.0,232.0,225.88288331942027,0.4517506159310199,EAST FORDHAM ROAD & WEBSTER AVENUE,40.86170058800404,-73.8913802342096
40382,194,0.0,123.0,225.26990343753732,0.4505246102567964,CROSS ISLAND PARKWAY & CROSS ISLAND PY SB EN LINDEN BL & LINDEN BOULEVARD,40.690779144833215,-73.72727222574596
26756,354,2.0,188.0,224.070124288438,0.4481249620985364,EASTERN PARKWAY & EASTERN PARKWAY LINE & TROY AVENUE,40.669100570874576,-73.9366570203645
95383,576,0.0,194.0,223.13321861422443,0.44625108057852697,ATLANTIC AVENUE & BROOKLYN QUEENS EXPWY WB ET 27,40.69161307868865,-73.9993654026919
99036,408,1.0,188.0,221.68136784370085,0.4433472702979678,CROSS ISLAND PARKWAY,40.711014156995944,-73.72808542276827
53407,303,0.0,175.0,221.11365866118174,0.44221180941311916,BRONX RIVER PARKWAY & EAST GUN HILL ROAD,40.878290316910515,-73.87005983842354
18574,637,2.0,192.0,218.08494497905698,0.4361541552067901,ATLANTIC AVENUE & EASTERN PARKWAY LINE & FLATBUSH AVENUE,40.68405228675664,-73.97745722150042
48586,430,0.0,206.0,216.9723893627635,0.4339289606469374,DEVOE PARK PATH & UNIVERSITY AVENUE & WEST FORDHAM ROAD,40.86274957400548,-73.90493385938606
100527,266,0.0,149.0,216.4985133549073,0.4329811731392537,BRUCKNER BOULEVARD & TIFFANY STREET,40.817795639137195,-73.89318364808774
25714,531,5.0,181.0,215.26966473872577,0.4305233838696086,AVENUE U & FLATBUSH AVENUE,40.60980907944876,-73.92249750875173
32492,482,6.0,234.0,215.1799130053185,0.4303438736806433,JAMAICA AVENUE & JAMAICA LINE & WOODHAVEN BOULEVARD,40.69366135875246,-73.85216495765837
41235,119,1.0,97.0,214.81633181218172,0.42961668406316783,BORDEN AVENUE & MAURICE AVENUE & QUEENS MIDTOWN EXPRESSWAY SR S,40.72720873896494,-73.907409972772
26844,353,1.0,174.0,209.99051117653542,0.41996468135157305,EAST NEW YORK AVENUE & REMSEN AVENUE & UTICA AVENUE,40.66323044430621,-73.93160218676587
48666,406,2.0,193.0,206.88669288935813,0.41375681231001665,EAST FORDHAM ROAD & JEROME AVENUE & JEROME AVENUE LINE & WEST FORDHAM ROAD,40.8627563835341,-73.9010796697877
84538,362,1.0,183.0,206.5580837834845,0.41309956948637777,CROSS BRONX EXPRESSWAY & CROSS BRONX EXPWY EB ET 2 A & CT BOUNDARY,40.845070778860126,-73.9168430953991
42529,383,1.0,168.0,204.6232003783381,0.40922965775879616,145 ST BRIDGE PED AND BIKE PATH & ESPLANADE GARDENS PLAZA & LENOX AVENUE & LENOX AVENUE LINE & WEST 145 STREET,40.82043825476988,-73.93622694413087
18889,442,0.0,227.0,203.76787863313348,0.4075189502072099,BEDFORD AVENUE & EASTERN PARKWAY & EASTERN PARKWAY LINE,40.670124904865844,-73.95526963664179
49295,644,2.0,212.0,203.09280508051538,0.4061687525408759,EAST GUN HILL ROAD & WEBSTER AVENUE,40.87864613582553,-73.87159658329522
25822,429,1.0,192.0,202.85984903379543,0.4057028229996877,CT BOUNDARY & FLATLANDS AVENUE & RALPH AVENUE,40.63206832777582,-73.91860224855726
28952,441,2.0,190.0,201.75302129758694,0.40348908462900707,FLATLANDS AVENUE & PENNSYLVANIA AVENUE,40.65276890011525,-73.8862897546875
50233,401,1.0,115.0,201.3880843863051,0.402759183473702,108 STREET & HORACE HARDING EXPRESSWAY,40.73768205348298,-73.85204758678901
28866,334,2.0,169.0,200.41843252402916,0.400819807124971,ROCKAWAY PARKWAY & SEAVIEW AVENUE,40.633802399544784,-73.88969542482253
33842,484,0.0,186.0,200.0876178705006,0.40015815304083296,LEFFERTS BOULEVARD & NORTH CONDUIT AVENUE & OLD SOUTH ROAD,40.666120876856006,-73.8222410407464
44543,367,0.0,143.0,197.50050385272212,0.39498373123776104,10 AVENUE & IRT-1-BROADWAY/ 7 AVENUE LINE & WEST 207 STREET,40.86446291176298,-73.9189422567369
26588,427,2.0,199.0,194.6829674812134,0.38934844746924674,LINDEN BOULEVARD & ROCKAWAY PARKWAY,40.65413478168427,-73.91232824473752
86923,280,1.0,105.0,193.8662955934049,0.38771504252721756,LONG ISLAND EXPRESSWAY & SPRINGFIELD BOULEVARD,40.74927490421336,-73.75681788275944
27475,362,2.0,149.0,193.51764260194108,0.387017710431168,BROADWAY & JAMAICA LINE & JEFFERSON STREET & MYRTLE AVENUE,40.69698654480577,-73.9352226444801
15852,450,1.0,155.0,191.7344248559753,0.3834511413812761,8 AVENUE LINE & JAY STREET & TILLARY STREET,40.696131626374566,-73.98710566072124
55526,513,1.0,132.0,191.6285574625363,0.3832393986652301,NORTHERN BOULEVARD & UNION STREET,40.76394105932917,-73.82814743693764
33698,506,1.0,176.0,191.62340783995484,0.383229099034375,COHANCY STREET & NORTH CONDUIT AVENUE,40.667115308299934,-73.83464965637184
97962,684,0.0,310.0,190.18920660419016,0.3803605891452338,MAJOR DEEGAN EXPRESSWAY & WEST FORDHAM ROAD,40.861872470369086,-73.9127896287565
25768,366,2.0,143.0,189.99251363360221,0.3799671884723113,AVENUE V & FLATBUSH AVENUE,40.608204067536654,-73.92070952270471
24093,568,0.0,192.0,187.63027509284086,0.37524253446581013,AMSTERDAM AVENUE & WEST 125 STREET,40.813389433380465,-73.95625889728764
87885,482,0.0,166.0,187.29224097610512,0.3745664409145404,QUEENS BOULEVARD & VAN WYCK EXPRESSWAY & VAN WYCK EXPRESSWAY SB EXIT 6,40.709794431404504,-73.82048703118181
49787,463,0.0,118.0,186.89317702057795,0.37376828311472565,59 AVENUE & QUEENS BOULEVARD & QUEENS BOULEVARD LINE & WOODHAVEN BOULEVARD,40.7334974348082,-73.87036852459433
85230,315,0.0,146.0,186.88926676114755,0.3737604623029975,BUSH STREET & GOWANUS EXPRESSWAY,40.6730516920808,-73.99950653809624
47579,365,1.0,134.0,186.5637067564515,0.3731093179100828,BRONX RIVER AVENUE & BRUCKNER BOULEVARD & BRUCKNER BOULEVARD BIKE PATH & BRUCKNER EXPRESSWAY EXIT 51 WB,40.82324854763785,-73.88276030347953
45386,470,0.0,186.0,186.49611817285987,0.372974135680706,65 PLACE & BROOKLYN QUEENS EP WB ET 39 W & QUEENS BOULEVARD,40.7408948357165,-73.89960577757512
44683,262,1.0,149.0,186.40499597251045,0.37279188445521233,AQUEDUCT WALK BIKE PATH & UNIVERSITY AVENUE & WEST 179 STREET & WEST BURNSIDE AVENUE,40.85482229385577,-73.91119580595806
19030,361,0.0,149.0,185.80834025925276,0.37159852834087337,FULTON STREET & FULTON STREET LINE & NOSTRAND AVENUE,40.680390402659,-73.94955688679963
20673,546,1.0,184.0,184.98761014439813,0.3699570066408022,6 AVENUE LINE & CHRYSTIE STREET & DELANCEY STREET & NASSAU STREET LINE,40.71997215142069,-73.99289577917772
43300,320,0.0,159.0,184.7507981107709,0.36948336483699695,3 AVENUE & EAST 163 STREET,40.82406663489295,-73.90870859180431
43947,414,1.0,162.0,184.43055002934932,0.3688428446884792,CONCOURSE VILLAGE EAST & EAST 161 STREET & MORRIS AVENUE,40.825577162922336,-73.91845629681576
26215,396,0.0,193.0,183.30446882096766,0.3665905979314217,CHURCH AVENUE & UTICA AVENUE,40.651734054238155,-73.93038144303041
48616,311,2.0,113.0,182.15306601766858,0.36428770608801353,BROADWAY & IRT-1-BROADWAY/ 7 AVENUE LINE & WEST 230 STREET,40.877104815447225,-73.90615158675756
9036157,259,1.0,128.0,181.75361140151773,0.36348876693769205,BUSHWICK AVENUE & EASTERN PARKWAY & VANDERVEER STREET,40.68151453447277,-73.90411635039487
26263,281,1.0,200.0,180.22539197054948,0.36043221361644706,AVENUE D & KINGS HIGHWAY,40.642384531328844,-73.92538233141782
42968,411,0.0,170.0,179.27184153260256,0.3585250413223252,BRUCKNER BOULEVARD & ST ANNS AVENUE,40.80359230557357,-73.91978018862831
59760,378,3.0,127.0,178.89818163802406,0.35777769354710004,LONG ISLAND EXPRESSWAY,40.744678609507396,-73.77033743416871
95150,396,1.0,100.0,177.391254578961,0.3547637265644038,BROOKLYN QUEENS EXPRESSWAY & MIDDAGH STREET,40.70082975871767,-73.99494340145785
38818,430,0.0,145.0,177.30766835056852,0.354596547847247,NORTH CONDUIT AVENUE & SPRINGFIELD BOULEVARD,40.66645115657081,-73.75763129629583
32545,407,2.0,190.0,177.09369661265822,0.35416858834554904,ATLANTIC AVENUE & LIRR ATLANTIC LINE & WOODHAVEN BOULEVARD,40.68815044634332,-73.84883193627094
47802,267,0.0,155.0,175.8653185628836,0.3517117402439618,CONCOURSE LINE & EAST TREMONT AVENUE & GRAND CONCOURSE,40.8494530208057,-73.90600085704628
34796,317,0.0,108.0,175.59321250026116,0.3511675077387433,HILLSIDE AVENUE & VAN WYCK EXPRESSWAY,40.70402980034275,-73.81709738770842
52389,123,0.0,63.0,175.02185466221542,0.3500247492695674,CROSS BRONX EP NB EN HARROD AV & CROSS BRONX EXPRESSWAY & ROSEDALE AVENUE,40.835968473027975,-73.86999247880466
18773,352,1.0,180.0,174.03999287542823,0.34806095215732513,EASTERN PARKWAY & EASTERN PARKWAY LINE & WASHINGTON AVENUE,40.671622245123295,-73.96257123155107
30221,363,0.0,170.0,174.01046613654978,0.3480018964680991,CYPRESS AVENUE & VERMONT PLACE,40.691436194692514,-73.8906247212655
42941,416,2.0,169.0,173.64207343906247,0.3472650834815545,EAST 149 STREET & MORRIS AVENUE & WHITE PLAINS ROAD LINE,40.81738828466563,-73.92275882269371
42307,502,0.0,157.0,173.59141425333365,0.3471637613158673,31 STREET & ASTORIA BOULEVARD NORTH & ASTORIA LINE & HOYT AVENUE NORTH,40.77077252732941,-73.91725912508149
26354,358,1.0,214.0,172.86719162127093,0.34571526180951717,2000 CB BOUNDARY & CHURCH AVENUE & KINGS HIGHWAY,40.65246345860053,-73.92284966955602
36806,510,0.0,145.0,172.66950007171621,0.3453198639038704,FARMERS BOULEVARD & SOUTH CONDUIT AVENUE,40.66669583438529,-73.76712954224612
42649,246,1.0,145.0,172.50840727778427,0.3449976662506124,1 AVENUE & EAST 125 STREET & FDR DRIVE ENTRANCE SOUTHBOUND & WILLIS AVENUE BRIDGE & WILLIS AVENUE BRIDGE BIKE PATH,40.80175450216375,-73.93120156171308
20860,337,0.0,146.0,172.2490296673134,0.34447889160302203,CLINTON STREET & DELANCEY STREET & NASSAU STREET LINE & WILLIAMSBURG BR BIKE AND PED PTH & WILLIAMSBURG BRIDGE,40.71772367593658,-73.98576634166828
105696,388,0.0,175.0,172.21600792132426,0.34441284563780844,ATLANTIC AVENUE & LIRR ATLANTIC LINE & UNDERHILL AVENUE & WASHINGTON AVENUE,40.68111907844071,-73.96442177079909
43206,191,1.0,138.0,171.47435785928567,0.34292948996624145,EAST 161 STREET & MELROSE AVENUE,40.82418798981335,-73.91384000340324
85036,170,0.0,110.0,171.421238189006,0.34282324664716923,MAJOR DEEGAN EXPRESSWAY & WEST 230 STREET,40.87645525517902,-73.90442604140361
17369,396,0.0,169.0,171.22369661023035,0.34242814869431293,AVENUE I & OCEAN PARKWAY,40.626569985536385,-73.97092126349163
42469,405,1.0,166.0,170.8735806526714,0.3417278905565011,FREDERICK DOUGLASS BOULEVARD & WEST 145 STREET,40.822837498867806,-73.94191717601866
12776,391,0.0,126.0,170.26397192167332,0.340508627436537,BAY PARKWAY & CROPSEY AVENUE,40.59726856164177,-73.99865586669416
36537,376,1.0,131.0,169.85181528694255,0.3396842832977105,NORTH CONDUIT AVENUE & ROCKAWAY BOULEVARD,40.66752331007538,-73.78062532415572
65073,229,0.0,130.0,169.68669129514564,0.3393540229467972,MOSHOLU PARKWAY & PEDESTRIAN AND BIKE PATH LINK & SOUTHERN BOULEVARD,40.86804003998039,-73.87909532088882
18959,417,0.0,191.0,169.61201892451408,0.3392046726127849,EASTERN PARKWAY & EASTERN PARKWAY LINE & NOSTRAND AVENUE,40.66986535193453,-73.95050227512725
18744,486,0.0,189.0,168.73548536546912,0.3374515398448132,ATLANTIC AVENUE & LIRR ATLANTIC LINE & VANDERBILT AVENUE,40.68176878345171,-73.96753196763888
20585,756,0.0,139.0,168.06364448973895,0.33610780777437343,BOWERY & DELANCEY STREET & KENMARE STREET & NASSAU STREET LINE,40.72032097931009,-73.9940415527356
31823,251,0.0,128.0,167.75035735750552,0.3354812100455874,CROSS BAY BOULEVARD & NORTH CONDUIT AVENUE,40.66928855674755,-73.84243585476469
24276,454,3.0,199.0,167.71017073894578,0.33540083379860397,LENOX AVENUE & LENOX AVENUE LINE & WEST 125 STREET,40.807772627423866,-73.94548195226149
17372,338,0.0,144.0,167.69599003588073,0.33537247133037934,FOSTER AVENUE & OCEAN PARKWAY,40.62998801569937,-73.9715680275189
24215,379,0.0,185.0,166.6716852706112,0.3333237850823135,ADAM CLAYTON POWELL JR BOULEVARD & WEST 125 STREET,40.80897227445277,-73.94832657221569
43069,343,1.0,167.0,166.57401925172695,0.33312844572963674,3 AVENUE & EAST 149 STREET & WHITE PLAINS ROAD LINE,40.816065917102314,-73.91764502936333
20770,536,0.0,145.0,166.37848111495384,0.33273735481083766,DELANCEY STREET & ESSEX STREET & HOUSTON/ESSEX STREET LINE & NASSAU STREET LINE,40.71855567933906,-73.98820173631997
41179,168,1.0,104.0,164.85184490985847,0.32968396805991756,54 AVENUE & 58 STREET & LONG ISLAND EXPRESSWAY,40.72996412310947,-73.91173061765873
29318,401,0.0,141.0,164.53262241525556,0.3290454991618507,FULTON STREET & FULTON STREET LINE & JAMAICA LINE & PENNSYLVANIA AVENUE,40.67720616676056,-73.8972416962567
82080,370,1.0,148.0,164.22111131694672,0.32842245363393374,CROSS ISLAND PARKWAY & LONG ISLAND EXPRESSWAY,40.753765712360334,-73.74436822665675
99881,347,2.0,135.0,163.62855900693756,0.3272373046334251,VAN WYCK EXPRESSWAY,40.70315043350381,-73.81679840832841
84937,141,0.0,126.0,163.32779430507907,0.32663575270328354,BRUCKNER EXPRESSWAY & EAST TREMONT AVENUE,40.833178122860424,-73.82830296060318
26412,276,0.0,155.0,163.14126152719524,0.32626267317673896,CLARENDON ROAD & DITMAS AVENUE & RALPH AVENUE,40.645032376561296,-73.91997852264257
42452,324,1.0,155.0,163.10174524209722,0.326183637646885,LENOX AVENUE & LENOX AVENUE LINE & WEST 135 STREET,40.814105941892436,-73.94085555190495
55647,478,4.0,142.0,162.52195088424224,0.32502400550621924,NORTHERN BOULEVARD & PARSONS BOULEVARD,40.764651790526905,-73.82348245154587
29480,322,1.0,187.0,162.39428223970722,0.3247686586551292,LINDEN BOULEVARD & VAN SICLEN AVENUE,40.660655782862676,-73.88578677102643
22814,958,1.0,133.0,162.0470041982977,0.32407407656216813,2 AVENUE & 2 AVENUE LINE & EAST 59 STREET & ED KOCH QBORO BRG LOWER LVL EN,40.760599230690524,-73.9643135359207
47961,298,0.0,118.0,161.82637172726783,0.32363279509536097,3 AVENUE & CROSS BRONX EXPRESSWAY,40.843997248046975,-73.89751786901587
26301,160,0.0,116.0,161.61213849558425,0.3232043125865313,2010 CB BOUNDARY & EAST 54 STREET & REMSEN AVENUE & WINTHROP STREET,40.659337563591585,-73.92725505331235
7571,286,0.0,132.0,161.51600936882437,0.32301204713321213,HYLAN BOULEVARD & MIDLAND AVENUE,40.577944245580596,-74.10231607335747
47975,318,0.0,155.0,161.5125003912192,0.3230050289151893,3 AVENUE & EAST TREMONT AVENUE,40.84665832060432,-73.8961771308695
18688,45,0.0,50.0,160.85999106015856,0.3216999613819666,EASTERN PARKWAY LINE & FLATBUSH AVENUE & GRAND ARMY PLAZA,40.67485465920168,-73.97078154364429
43961,240,0.0,176.0,160.44483650122635,0.3208696211702011,CONCOURSE LINE & EAST 165 STREET & GRAND CONCOURSE,40.830912594084566,-73.92046219372429
42527,406,0.0,167.0,159.89979642473295,0.3197795001952558,ADAM CLAYTON POWELL JR BOULEVARD & WEST 145 STREET,40.821637391848235,-73.93907683257187
22816,595,0.0,85.0,159.64528265813047,0.3192704535996903,2 AVENUE & 2 AVENUE LINE & ASTORIA LINE & EAST 60 STREET & QUEENSBORO BRIDGE EXIT,40.76123328590515,-73.96388310413907
39249,424,1.0,197.0,159.3589784509742,0.3186978237420033,BROOKVILLE BOULEVARD & BROOKVILLE PARK GREENWAY & SOUTH CONDUIT AVENUE,40.665256021062625,-73.73954958291942
44192,422,1.0,157.0,159.3276222397851,0.3186351089711336,EAST 174 STREET & FEATHERBED LANE & JEROME AVENUE & JEROME AVENUE LINE,40.84542943037161,-73.91397534915373
22813,432,2.0,129.0,158.91872298158043,0.3178172798293276,2 AVENUE & 2 AVENUE LINE & EAST 58 STREET,40.75998213868684,-73.96480079489702
26204,276,1.0,218.0,158.8130472402441,0.3176059204318411,CLARENDON ROAD & UTICA AVENUE,40.6444327191309,-73.92959986352368
41454,512,2.0,197.0,158.70509331734468,0.31739000450059907,BIKE PATH & FLUSHING LINE & QUEENS BOULEVARD & SKILLMAN AVENUE,40.74603455699164,-73.934399873219
36317,272,1.0,97.0,158.5644791307569,0.3171087655958191,150 STREET & NORTH CONDUIT AVENUE,40.66684115838772,-73.78940999472195
9065302,195,0.0,169.0,158.45779451723348,0.31689538837839676,BRONX RIVER PARKWAY EXIT 9 NB & BRONX RIVER SHORELINE,40.87634503946718,-73.87055387209361
32432,451,0.0,175.0,158.4189094819328,0.3168176153954163,MYRTLE AVENUE & WOODHAVEN BOULEVARD,40.70259550034175,-73.85529275912725
21409,744,0.0,139.0,158.2519681254406,0.316483720178997,8 AVENUE & 8 AVENUE LINE & WEST 42 STREET,40.75723313094911,-73.98979085328416
26224,242,0.0,153.0,157.19635228686724,0.31437240943921274,LENOX ROAD & UTICA AVENUE,40.65533560921356,-73.93076711625883
15975,520,2.0,162.0,157.13589244934602,0.31425148523589963,FLATBUSH AVENUE EXTENSION & MANHATTAN BRIDGE LINE & MYRTLE AVENUE,40.693650149673594,-73.98332265186993
36580,322,0.0,141.0,156.78883047131768,0.3135573352858835,BAISLEY BOULEVARD & GUY R BREWER BOULEVARD,40.67836454941066,-73.7794781740262
44625,427,0.0,186.0,156.47441357076664,0.3129284779358458,9 AVENUE & UNIV HEIGHTS BR BIKE AND PED PTH & UNIVERSITY HEIGHTS BRIDGE & WEST 207 STREET,40.863690613262754,-73.91706346728068
44137,310,1.0,130.0,156.32883079171108,0.31263730147399665,UNIVERSITY AVENUE & WEST TREMONT AVENUE,40.8504785656194,-73.91542656754277
26908,247,2.0,149.0,155.94404251528073,0.3118676961015835,BUFFALO AVENUE & EAST NEW YORK AVENUE & ROCKAWAY PARKWAY,40.66591675221402,-73.92546270194639
47899,358,0.0,152.0,155.93038180071272,0.3118403736492987,EAST TREMONT AVENUE & WEBSTER AVENUE,40.84770085384616,-73.90096123405212
94065,241,1.0,108.0,154.94307073259603,0.30986567756626165,2010 CB BOUNDARY & BROOKLYN QUEENS EXPRESSWAY,40.71517705089316,-73.95199042458033
44189,186,1.0,119.0,154.59632856072162,0.3091721672525059,CONCOURSE LINE & EAST MOUNT EDEN AVENUE & GRAND CONCOURSE & MOUNT EDEN PARKWAY,40.84317571340364,-73.9119464820091
26197,198,2.0,133.0,153.90268360946763,0.307784825397955,AVENUE D & UTICA AVENUE,40.64213431861134,-73.92935451306339
26753,368,1.0,201.0,153.89735580784756,0.3077741693956776,ALBANY AVENUE & EASTERN PARKWAY & EASTERN PARKWAY LINE,40.66924868462057,-73.93942695659292
41777,203,1.0,93.0,153.79423623688973,0.30756792253039805,34 AVENUE & 48 STREET & NORTHERN BOULEVARD & QUEENS BOULEVARD LINE,40.75367641197574,-73.91446450887071
105118,237,0.0,118.0,153.73433934468403,0.307448124259879,BELT PARKWAY & DISTRICT BOUNDARY,40.66553353086081,-73.74481536152447
29791,220,0.0,132.0,153.60437090213705,0.3071881776405167,2010 CB BOUNDARY & FOUNTAIN AVENUE & LINDEN BOULEVARD,40.666706659582196,-73.87182050927777
48656,279,0.0,151.0,153.59411072174433,0.30716765651127276,CONCOURSE LINE & EAST 183 STREET & GRAND CONCOURSE,40.85742242163765,-73.89995670051411
40820,307,0.0,101.0,153.59050669478407,0.30716044818742083,BORDEN AVENUE & GREENPOINT AVENUE,40.73715176287227,-73.93081356240299
17365,507,1.0,177.0,153.56237547752752,0.3071041836459592,AVENUE J & OCEAN PARKWAY,40.624170030295275,-73.97047172019371
103618,199,1.0,132.0,153.5396281860155,0.3070586873592275,HEMPSTEAD AVENUE,40.71134946830214,-73.72848793381998
44749,330,0.0,167.0,153.42450436682492,0.3068284310983982,EAST BURNSIDE AVENUE & JEROME AVENUE & JEROME AVENUE LINE & WEST BURNSIDE AVENUE,40.85381641439469,-73.90733289687006
38773,280,0.0,117.0,153.418736545494,0.3068168950237429,FARMERS BOULEVARD & MERRICK BOULEVARD,40.67972794060002,-73.76161350230852
9045741,268,0.0,160.0,153.10981640279357,0.30619903160109796,BELT PARKWAY & BELT PARKWAY EXIT 23 A SB,40.66736064995177,-73.7392060748809
35239,322,0.0,138.0,152.4321179389517,0.3048435839157181,HILLSIDE AVENUE & PARSONS BOULEVARD & QUEENS BOULEVARD LINE,40.70771580250691,-73.80278721431824
79898,565,0.0,187.0,152.2620684331872,0.3045034721679626,BROOKLYN QUEENS EP EB ET 28 B & BROOKLYN QUEENS EXPRESSWAY,40.70142919946304,-73.98957074695026
9009109,452,0.0,158.0,152.23183093482442,0.304442994906534,LONG ISLAND EXPRESSWAY,40.737653859463755,-73.85087606287432
49572,90,0.0,100.0,151.7296889414949,0.3034386733108614,MOSHOLU PARKWAY & VAN CORTLANDT PARK SOUTH & WEST GUN HILL ROAD,40.884349575678876,-73.88705142665061
19492,365,1.0,88.0,151.71238415647417,0.3034040624447405,WILLIAMSBURG ST WEST & WYTHE AVENUE,40.70166274615677,-73.96145278111901
42914,383,0.0,156.0,151.6776316651148,0.30333455485915856,EAST 135 STREET & WILLIS AVENUE & WILLIS AVENUE BRIDGE & WILLIS AVENUE BRIDGE BIKE PATH,40.80718671782002,-73.92427980845117
23799,682,0.0,114.0,151.55623637610628,0.3030917551889781,1 AVENUE & EAST 96 STREET,40.78324757151195,-73.94472264516065
27326,317,2.0,129.0,151.40344851138886,0.30278616801616476,BROADWAY & DISTRICT BOUNDARY & FLUSHING AVENUE & JAMAICA LINE,40.700725233174616,-73.94193078876182
86841,261,0.0,110.0,151.0630509206634,0.302105347339898,188 STREET & GRAND CENTRAL PARKWAY,40.722290023583874,-73.77723195561265
32378,454,1.0,190.0,149.67437601661396,0.29932789352398065,METROPOLITAN AVENUE & WOODHAVEN BOULEVARD,40.71184505950597,-73.85975932858281
13784,556,1.0,104.0,149.5453311831516,0.2990697941919633,65 STREET & 7 AVENUE,40.63396164937717,-74.01475422594002
36541,383,2.0,142.0,149.46015019796573,0.2988994258417769,ROCKAWAY BOULEVARD & SOUTH CONDUIT AVENUE,40.666752320044935,-73.7799358553637
42516,241,0.0,101.0,148.6143310819008,0.29720772426019,EAST 135 STREET & HARLEM RIVER DRIVE EXIT 21 NB & HARLEM RIVER DRIVE GREENWAY & MADISON AVE BRDG PED & BIKE PATH & MADISON AVENUE & MADISON AVENUE BRIDGE,40.812060811267386,-73.93603495317447
27560,251,0.0,108.0,148.41769978767798,0.29681444694461717,BUSHWICK AVENUE & MYRTLE AVENUE & MYRTLE AVENUE LINE,40.6973165888029,-73.93226890566345
16594,367,1.0,131.0,147.9289276896272,0.2958368661408693,AVENUE Z & OCEAN PARKWAY,40.58666882398349,-73.96615022838414
30986,370,2.0,108.0,147.83766456874886,0.2956543330637633,ERSKINE STREET & GATEWAY DRIVE & SEAVIEW AVENUE & SPRING CREEK GREENWAY,40.65290231908645,-73.8667207164344
42850,249,1.0,121.0,147.54886470105433,0.2950767116980818,EAST 144 STREET & GRAND CONCOURSE & JEROME AVENUE LINE,40.816535646412625,-73.92821698992996
53367,421,1.0,114.0,147.1461727656965,0.2942712976668803,ALLERTON AVENUE & BRONX PARK EAST & DISTRICT BOUNDARY & MOSHOLU PARKWAY GREENWAY & SOUTHERN BOULEVARD,40.86536107971172,-73.870421276192
44768,101,0.0,69.0,146.91570748008144,0.29381034983445287,SEDGWICK AVENUE & WEBB AVENUE & WEST FORDHAM ROAD,40.863154799246544,-73.90906438738858
18956,348,1.0,127.0,146.88295122010132,0.2937448348611415,EASTERN PARKWAY & EASTERN PARKWAY LINE & ROGERS AVENUE,40.6700072051728,-73.95327019763059
68566,177,0.0,109.0,145.23232932444085,0.290443467442914,3 AVENUE & EAST 138 STREET & MORRIS AVENUE & PELHAM LINE,40.81107965221585,-73.92729432401532
85638,457,0.0,125.0,145.067384587966,0.29011356561607055,ATLANTIC AVENUE & BROOKLYN QUEENS EXPRESSWAY,40.691536973668654,-73.99910057396599
84638,245,0.0,100.0,145.01871648588357,0.29001622576680264,BROOK AVENUE & MAJOR DEEGAN EXPRESSWAY,40.80540731300512,-73.92079433520092
16046,475,0.0,126.0,144.7711959921682,0.2895211662407877,4 AVENUE LINE & DEKALB AVENUE & FLATBUSH AVENUE EXTENSION & UNIVERSITY PLAZA,40.689931210049636,-73.98147315193462
45500,315,0.0,152.0,144.7116693127776,0.28940210842362674,69 STREET & QUEENS BOULEVARD,40.7402720422526,-73.89585115114083
18976,232,2.0,108.0,144.47062604473263,0.2889200038340785,BEDFORD AVENUE & FULTON STREET & FULTON STREET LINE,40.68064050813876,-73.95337017511612
21460,544,1.0,121.0,144.25873795866724,0.28849621179213003,42 STREET SHUTTLE LINE & 6 AVENUE LINE & AVENUE OF THE AMERICAS & WEST 42 STREET,40.75484205339555,-73.98411754799183
45430,335,2.0,108.0,144.21500130300402,0.2884087352050519,69 STREET & BORDEN AVENUE & GRAND AVENUE,40.72592049723134,-73.8953407013442
29297,341,0.0,128.0,143.92087388288573,0.28782045833550435,FULTON STREET LINE & LIBERTY AVENUE & PENNSYLVANIA AVENUE,40.674397047293226,-73.89650977907911
55441,233,0.0,95.0,143.882339752455,0.28774338718854564,NORTHERN BOULEVARD & PRINCE STREET,40.762746435295426,-73.83328656094476
24327,300,1.0,129.0,143.5649131478902,0.28710851020506206,BROADWAY & IRT-1-BROADWAY/ 7 AVENUE LINE & WEST 145 STREET,40.82642864164178,-73.9504499353836
24312,316,0.0,107.0,142.92206332075725,0.28582276240316423,8 AVENUE LINE & DISTRICT BOUNDARY & ST NICHOLAS AVENUE & WEST 145 STREET,40.82403155584861,-73.94475648887362
19482,419,0.0,94.0,142.6909290052426,0.28536047646082907,CLASSON AVENUE & FLUSHING AVENUE,40.69818833147006,-73.96189837774659
85568,318,0.0,122.0,142.46153696738682,0.2849016752043034,BROOKLYN QUEENS EXPRESSWAY & METROPOLITAN AVENUE,40.71406284650523,-73.95303149423187
3103,229,0.0,118.0,142.43294325473408,0.28484448563740977,FOREST HILL ROAD & RICHMOND AVENUE,40.57083444792965,-74.16982860151475
12182,288,0.0,86.0,142.3069295865543,0.2845924488629833,6 AVENUE & 65 STREET & GOWANUS EXPWY EB EN 6 AVE,40.635521474563795,-74.01669546340926
48263,357,1.0,123.0,141.9565940770508,0.2838917516048385,BRONX RIVER AVENUE & CLOSE AVENUE & PELHAM LINE & WESTCHESTER AVENUE & WESTCHESTER AVENUE BRIDGE,40.82830386657799,-73.88295104480628
26357,380,0.0,164.0,141.59526694068043,0.28316907026971827,2020 CB BOUNDARY & KINGS HIGHWAY & LINDEN BOULEVARD,40.65431616759938,-73.92215814827661
78053,102,0.0,61.0,141.34346111309992,0.28266543975501374,BOWERY & CANAL STREET,40.71664465905742,-73.99580912434084
42513,290,3.0,125.0,140.9450971257548,0.28186868194398873,5 AVENUE & EAST 135 STREET & WEST 135 STREET,40.812740364321144,-73.93761714897482
16626,209,0.0,112.0,140.47103688620936,0.28092052595912814,AVENUE S & OCEAN PARKWAY,40.60246763270213,-73.96636900640651
17839,384,0.0,177.0,140.3794312663592,0.28073730785842627,AVENUE H & FLATBUSH AVENUE,40.63170816202386,-73.9464796186292
92912,297,0.0,100.0,140.26181185041776,0.2805020602171821,ALLEN STREET & DELANCEY STREET & NASSAU STREET LINE,40.71920481497331,-73.99036354341001
27429,299,0.0,159.0,140.1997019957467,0.28037783585598774,BUSHWICK AVENUE & DISTRICT BOUNDARY & FLUSHING AVENUE,40.70191027696802,-73.93698073968929
50578,237,0.0,188.0,140.09647057253972,0.28017136527783243,69 ROAD & GRAND CENTRAL PARKWAY,40.726447582163956,-73.83794985057925
18762,492,0.0,214.0,139.89659480825108,0.27977159877912633,BRIGHTON LINE & EMPIRE BOULEVARD & FLATBUSH AVENUE & OCEAN AVENUE,40.66308961226447,-73.96238822251513
7567,275,0.0,107.0,139.5133876244114,0.27900515571031387,HYLAN BOULEVARD & LINCOLN AVENUE,40.57650392201716,-74.10368897544164
105988,314,2.0,106.0,139.39273596841457,0.27876384336185284,CROSS BRONX EXPRESSWAY,40.83608649599427,-73.87045229953614
84721,197,0.0,105.0,139.2800720254934,0.27853850703780014,BARRETTO STREET & BRUCKNER BOULEVARD,40.81879823572577,-73.89212084856065
43755,255,1.0,110.0,139.2778513781695,0.27853406557683213,EAST 161 STREET & JEROME AVENUE LINE & RIVER AVENUE,40.82781155472049,-73.9259278547903
18181,388,0.0,157.0,138.82364732071252,0.27762562344332026,EAST DRIVE & OCEAN AVENUE & PARKSIDE AVENUE,40.6548811910675,-73.96188086388487
20778,381,1.0,142.0,138.68980882614622,0.27735793643006335,1 AVENUE & ALLEN STREET & EAST HOUSTON STREET,40.722933719087635,-73.98863862751564
21288,692,0.0,71.0,138.67500253827302,0.2773283227453679,10 AVENUE & FLUSHING LINE & WEST 41 STREET,40.75899645238692,-73.99593149786939
19022,308,0.0,131.0,138.45543862542323,0.2768891784749529,ATLANTIC AVENUE & LIRR ATLANTIC LINE & NOSTRAND AVENUE,40.67845668080149,-73.94967567482
62560,85,0.0,58.0,138.40279660793183,0.27678389049723207,CROSS ISLAND PARKWAY & JAMAICA AVENUE & JERICHO TURNPIKE,40.72433644722588,-73.72463422546411
27195,339,1.0,158.0,138.35305446062884,0.2766844024770801,CT BOUNDARY & EASTERN PARKWAY & ROCKAWAY AVENUE & ST MARKS AVENUE,40.67307848491587,-73.91123038385574
25350,267,0.0,103.0,137.66322665648292,0.27530469520263884,BELT PARKWAY & BELT PARKWAY EXIT 11 SOUTH EB,40.592946006276904,-73.90809698537696
98309,191,0.0,101.0,137.49516625477,0.2749685618119647,VAN WYCK EXPRESSWAY,40.72955019489975,-73.83380222188299
18243,388,0.0,182.0,137.10400647467227,0.2741862129550093,CHURCH AVENUE & FLATBUSH AVENUE,40.65038727348174,-73.95870789894543
26704,374,0.0,130.0,135.62967515822248,0.27123743989886834,EASTERN PARKWAY & EASTERN PARKWAY LINE & KINGSTON AVENUE,40.66940330422314,-73.94219628443399
22915,488,0.0,102.0,134.9930347398017,0.26996411137946197,1 AVENUE & EAST 62 STREET,40.76148485370431,-73.96060027607872
12152,73,0.0,65.0,134.48277090939507,0.26894354550133254,3 AVENUE & 60 STREET & GOWANUS EXPRESSWAY,40.642040535354404,-74.02039591094875
23746,203,0.0,98.0,134.21165870103826,0.26840130077908214,EAST 106 STREET & METRO NORTH-CONNECTING RAIL LINE & PARK AVENUE,40.79293256349398,-73.94790156845997
29340,307,0.0,141.0,134.0545806995119,0.2680871330113318,NEW LOTS AVENUE & PENNSYLVANIA AVENUE,40.66183583718586,-73.8931012803027
24290,293,0.0,121.0,133.9238685922214,0.26782569900678405,ADAM CLAYTON POWELL JR BOULEVARD & WEST 135 STREET,40.8153063775147,-73.94369913658718
15534,457,1.0,97.0,133.864154513556,0.26770626637703787,ATLANTIC AVENUE & HICKS STREET,40.69119469757424,-73.99776924512109
26502,290,0.0,130.0,133.66637309340663,0.26731068872347075,DITMAS AVENUE & REMSEN AVENUE,40.64810117461664,-73.91473216874205
19006,242,0.0,114.0,133.39571100424686,0.26676934427332705,EASTERN PARKWAY & EASTERN PARKWAY LINE & NEW YORK AVENUE,40.66971344248142,-73.94772996319838
9031028,175,1.0,93.0,133.383054814589,0.26674403094609855,BRUCKNER EXPRESSWAY & PELHAM PARKWAY GREENWAY,40.85637638946291,-73.82630298117833
17927,219,0.0,98.0,133.20492973794632,0.26638776745174925,CORTELYOU ROAD & OCEAN PARKWAY,40.638523437841265,-73.97318565512435
31394,240,0.0,173.0,133.18579130677347,0.26634948915598927,DREW STREET & LINDEN BOULEVARD,40.6697245082833,-73.8609639883703
17929,209,1.0,113.0,133.06535997625036,0.2661086174749774,DITMAS AVENUE & OCEAN PARKWAY,40.636134152752746,-73.9727345731107
42071,221,1.0,94.0,132.90936334097015,0.26579661252071063,2 AVENUE & 2 AVENUE LINE & EAST 116 STREET,40.79700274523824,-73.93777473078273
52583,72,0.0,50.0,132.67749638705223,0.26533286124669647,CROSS BRONX EXPRESSWAY & WHITE PLAINS ROAD,40.83396426115317,-73.86289361649739
19071,239,1.0,103.0,132.53885449259568,0.265055567073898,ATLANTIC AVENUE & BROOKLYN AVENUE & LIRR ATLANTIC LINE,40.67815635872096,-73.9441512021572
95243,272,0.0,112.0,132.23916094151355,0.26445615752553525,BELT PARKWAY & ROCKAWAY PARKWAY,40.63042934046779,-73.8859305409313
29630,169,0.0,103.0,132.1967520008219,0.2643713364678424,FORCE TUBE AVENUE & HIGHLAND BOULEVARD & HIGHLAND PARK GREENWAY & HIGHLAND PLACE & JAMAICA AVENUE,40.68536029028155,-73.88220333052422
21407,518,1.0,127.0,131.77636355776804,0.26353052809583055,7 AVENUE & IRT-1-BROADWAY/ 7 AVENUE LINE & WEST 42 STREET,40.75603590257209,-73.98694873821407
43135,596,2.0,192.0,131.75042101745282,0.2634786410721773,BRUCKNER BOULEVARD & EAST 138 STREET,40.80472449985751,-73.91248551690211
19005,226,1.0,101.0,131.65290441988952,0.2632836005733336,NOSTRAND AVENUE & ST JOHNS PLACE,40.67163825842535,-73.95033415061998
29830,253,1.0,166.0,131.24498794112412,0.2624677370640135,ATLANTIC AVENUE & CRESCENT STREET & LIRR ATLANTIC LINE,40.68168445628051,-73.87156150419129
33830,105,0.0,73.0,131.14608446062238,0.2622699226954194,BELT PARKWAY EXIT 19 EASTBOUND & LEFFERTS BOULEVARD & NASSAU EXPRESSWAY,40.663860137741565,-73.82296101260683
22663,273,0.0,120.0,131.08690332011184,0.26215155598189843,1 AVENUE & EAST 42 STREET & FDR DRIVE EXIT 9 NORTHBOUND & FLUSHING LINE,40.7488006529605,-73.96984501519664
15093,266,0.0,99.0,131.04065615577966,0.2620590581894524,CROSSTOWN LINE & EASTERN PARKWAY LINE & FLATBUSH AVENUE & FULTON STREET LINE & LAFAYETTE AVENUE,40.686682000339296,-73.97936297639482
16538,275,2.0,93.0,130.9464460573568,0.26187063093653706,NEPTUNE AVENUE & OCEAN PARKWAY,40.58037847020071,-73.96759867837734
52821,72,0.0,54.0,130.69131923379828,0.2613603581811433,CASTLE HILL AVENUE & CROSS BRONX EXPRESSWAY,40.83029301543458,-73.8506492431318
26530,227,1.0,118.0,130.6525319641521,0.26128278073679423,EAST 80 STREET & FLATLANDS AVENUE,40.63550838473094,-73.91327777118924
39325,359,1.0,151.0,129.4728998451325,0.25892342814764924,FRANCIS LEWIS BOULEVARD & SUNRISE HIGHWAY,40.665613559628405,-73.73567089854056
22749,616,0.0,110.0,129.43204066983216,0.258841706736812,2 AVENUE & 2 AVENUE LINE & EAST 57 STREET,40.759307837013246,-73.96529307464739
21392,297,1.0,113.0,129.4025514828854,0.25878272615426184,6 AVENUE LINE & AVENUE OF THE AMERICAS & WEST 34 STREET,40.74978702881964,-73.98776905961147
9062668,278,0.0,94.0,129.30571765040546,0.2585890512367221,ALEXANDER HAMILTON BRIDGE & MAJOR DEEGAN ENTRANCE NORTHBOUND,40.84495334102616,-73.92651528858121
54215,414,0.0,135.0,129.29939219584801,0.25857639985384856,BRONX BOULEVARD & EAST 233 STREET,40.89466231918946,-73.86135927938976
61748,229,0.0,70.0,129.24350275070157,0.25846461677759447,CROSS ISLAND PARKWAY & NORTHERN BOULEVARD,40.76226059969359,-73.75698289373273
9030258,264,0.0,93.0,129.2412007537724,0.2584600126113231,CROSS ISLAND PARKWAY,40.7620240225053,-73.75680310381797
57959,75,1.0,74.0,129.23898938461627,0.2584555897073855,BRUCKNER EXPRESSWAY & PELHAM PARKWAY,40.856604200128004,-73.82645589916147
23830,188,2.0,84.0,128.98657156384922,0.25795073516047134,3 AVENUE & EAST 106 STREET,40.791569539789265,-73.94467601946228
58298,426,1.0,127.0,128.92468395489618,0.25782695530735855,BOSTON ROAD & CONNER STREET & PROVOST AVENUE,40.88599054206363,-73.82791367770587
26865,249,2.0,121.0,128.89762197259242,0.2577728293158852,ST JOHNS PLACE & UTICA AVENUE,40.67058280450158,-73.93095113065053
42996,309,0.0,116.0,128.8817349808139,0.2577410541424374,COURTLANDT AVENUE & EAST 149 STREET & WHITE PLAINS ROAD LINE,40.81655510822907,-73.91954495276035
57844,312,0.0,131.0,128.7917742245537,0.2575611258921111,BARTOW AVENUE & BAYCHESTER AVENUE,40.86877106968738,-73.83173257017675
41364,298,0.0,120.0,128.68343824296787,0.25734444581488114,SKILLMAN AVENUE & THOMSON AVENUE,40.74523857376825,-73.93769681496373
96888,215,0.0,92.0,128.6505534502875,0.25727867376654256,GRAND CENTRAL PARKWAY & LONG ISLAND EXPRESSWAY,40.73998984614904,-73.84562308243927
12842,246,2.0,89.0,128.5993363586464,0.25717623574724524,86 STREET & BAY PARKWAY & WEST END LINE,40.60195048828327,-73.99381109362389
42016,256,0.0,126.0,128.39583794808576,0.25676922368466915,3 AVENUE & EAST 116 STREET,40.797946399344845,-73.94002175067322
39500,302,0.0,143.0,128.35795254460217,0.2566934500401925,HOOK CREEK BOULEVARD & SUNRISE HIGHWAY,40.66555780183316,-73.72984150811297
38495,42,0.0,44.0,128.30365581787385,0.25658485252006474,BROOKVILLE BOULEVARD & ROCKAWAY BOULEVARD,40.640645031191724,-73.74338328493
8887,307,0.0,112.0,128.0000655812857,0.25597764930883926,CLOVE ROAD & VICTORY BOULEVARD,40.61641607530774,-74.10350925342465
36400,244,0.0,150.0,127.66310578321006,0.25530370447535317,BAISLEY BOULEVARD & ROCKAWAY BOULEVARD,40.67237942953347,-73.7857470008254
61220,189,0.0,86.0,127.6516568303815,0.2552808057122019,212 STREET & JAMAICA AVENUE,40.71576011822563,-73.74654181361991
21147,372,0.0,93.0,127.50133670237656,0.25498015419764003,11 AVENUE & AMTRAK-NORTHEAST LINE & FLUSHING LINE & WEST 34 STREET,40.755781249644734,-74.00198507565041
40660,160,1.0,61.0,126.8287860671734,0.25363500255509536,APOLLO STREET & BROOKLYN QUEENS EXPWY WB ET 34 & MEEKER AVENUE & VANDERVOORT AVENUE,40.724201202180446,-73.93764599970497
3088,322,1.0,102.0,126.8258033987882,0.2536290369949315,ARTHUR KILL ROAD & NEW SPRINGVILLE GREENWAY & RICHMOND AVENUE,40.561090421019294,-74.16982582325956
29345,286,0.0,132.0,126.80094174832195,0.2535793118319318,LIVONIA AVENUE & NEW LOTS LINE & PENNSYLVANIA AVENUE,40.6647520939834,-73.89404236484992
55425,278,0.0,90.0,126.70709474328969,0.25339161079299233,COLLEGE POINT BOULEVARD & ROOSEVELT AVENUE,40.75829051023266,-73.83430717313634
41943,199,1.0,89.0,126.48351520872684,0.2529444349783925,ASTORIA BOULEVARD NORTH & STEINWAY STREET,40.76942732408238,-73.91024079214637
19058,342,1.0,155.0,126.33358800013032,0.252644569332076,BROOKLYN AVENUE & EASTERN PARKWAY & EASTERN PARKWAY LINE,40.66955587467518,-73.94496468533696
42542,273,0.0,89.0,126.16923601909437,0.2523158530605061,2 AVENUE & EAST 126 STREET & RFK BRIDGE PED AND BIKE PATH,40.80342521448014,-73.93308208233813
44082,181,0.0,125.0,126.16189471514802,0.2523011699027705,CONCOURSE LINE & EAST 169 STREET & GRAND CONCOURSE,40.83639359291837,-73.91587067558612
59101,91,0.0,59.0,126.04299406286486,0.25206335969288196,FRANCIS LEWIS BOULEVARD & GRAND CENTRAL PARKWAY,40.726329475253614,-73.76618933191952
18907,295,0.0,119.0,125.96910400949453,0.2519155740519855,ATLANTIC AVENUE & FRANKLIN AVENUE & LIRR ATLANTIC LINE,40.6792031500005,-73.95529361555194
62636,143,0.0,68.0,125.8512018104697,0.251679760823395,CROSS ISLAND PARKWAY & UNION TURNPIKE,40.74105115306722,-73.72586452339206
16333,254,0.0,112.0,125.40651876810468,0.2507903614331641,NEPTUNE AVENUE & SHELL ROAD & WEST 8 STREET,40.57982711433013,-73.97621147496253
17396,169,4.0,101.0,125.26836396298171,0.2505140414755144,OCEAN PARKWAY & QUENTIN ROAD,40.60725572500751,-73.96727203268946
104240,157,0.0,98.0,125.1481936019617,0.2502736917530546,37 STREET & GOWANUS EXPRESSWAY,40.65499944180445,-74.00709782281102
26237,257,0.0,130.0,125.10347791255884,0.25018425702517033,KINGS HIGHWAY & UTICA AVENUE,40.63413058300511,-73.92850140204037
22556,642,0.0,98.0,124.85452289705482,0.2496863283481365,2 AVENUE & 2 AVENUE LINE & EAST 36 STREET & QUEENS MIDTOWN TUNNEL ENTRANCE,40.74607779678814,-73.97493633192498
17355,230,1.0,107.0,124.79764166640499,0.2495725616265937,AVENUE M & OCEAN PARKWAY,40.617002988063405,-73.96911050621073
29300,406,1.0,183.0,124.49715007755643,0.24897155594292736,ATLANTIC AVENUE & GEORGIA AVENUE,40.675624721484866,-73.89877882141977
42833,159,0.0,85.0,124.36636855307012,0.24870998309878886,EAST 135 STREET & LINCOLN AVENUE,40.80904623946346,-73.92855602086918
26232,313,1.0,165.0,124.2686622414895,0.2485145631577015,UTICA AVENUE & WINTHROP STREET,40.658295915695064,-73.93108323129763
86448,198,0.0,127.0,124.15342071889748,0.24828407148125373,BELT PARKWAY & COHANCY STREET,40.66635278210463,-73.83489129959655
22754,685,0.0,108.0,124.05603203981487,0.24808928682895218,3 AVENUE & EAST 59 STREET,40.76155093521171,-73.96658338430001
52370,188,3.0,96.0,123.94508682639248,0.24786738809262504,BRUCKNER BOULEVARD & ROSEDALE AVENUE,40.82520117355891,-73.86770310853787
20691,397,0.0,120.0,123.71067133161509,0.2473985395460134,2 AVENUE & 2 AVENUE LINE & CHRYSTIE STREET & EAST HOUSTON STREET,40.723649432121434,-73.99102410383016
24163,269,0.0,115.0,123.63419600158986,0.24724558315817724,8 AVENUE LINE & ST NICHOLAS AVENUE & WEST 125 STREET,40.81076533322876,-73.95259125740394
47818,54,0.0,56.0,123.54088021746726,0.24705894460084402,CONCOURSE LINE & EAST BURNSIDE AVENUE & GRAND CONCOURSE,40.852382969022194,-73.90364249479296
14739,119,0.0,45.0,123.3692006810909,0.24671557266978011,2000 CB BOUNDARY & 3 AVENUE & GOWANUS EXPWY WB EN HAMILTON AVE & HAMILTON AVENUE,40.66707573236039,-73.99507117750714
48224,170,0.0,101.0,123.32840864921315,0.2466339855508169,EAST TREMONT AVENUE & SOUTHERN BOULEVARD,40.842710409392396,-73.88565994548424
16624,197,1.0,109.0,123.0125166431095,0.24600217787919276,AVENUE U & OCEAN PARKWAY,40.59783309326579,-73.96548618146048
15086,344,1.0,120.0,122.51041528405896,0.24499793755512148,ATLANTIC AVENUE & NEVINS STREET,40.68608648546903,-73.98266032254286
97490,200,1.0,93.0,122.50411042345186,0.24498532736169107,BELT PARKWAY & BELT PARKWAY EXIT 6 NORTH WB,40.58361967363527,-73.98409713101847
20695,678,0.0,120.0,122.17701740774962,0.2443311168319458,BOWERY & EAST HOUSTON STREET,40.724136448826414,-73.99260322225936
39252,353,2.0,136.0,122.13135231872434,0.24423978323370937,BROOKVILLE BOULEVARD & SUNRISE HIGHWAY,40.66562918931126,-73.73920855052695
26220,318,0.0,174.0,122.09436440181535,0.24416580462960116,LINDEN BOULEVARD & UTICA AVENUE,40.65380495573314,-73.9306040558019
22470,578,0.0,112.0,122.04836079195056,0.24407379396433143,2 AVENUE & 2 AVENUE LINE & EAST 34 STREET,40.74477922403737,-73.97588117663996
29256,404,1.0,128.0,121.85637550046943,0.2436898090022144,BUSHWICK AVENUE & CEMETERY OF EVERGRNS BOUNDARY & CONWAY STREET & DISTRICT BOUNDARY,40.68066450259017,-73.90262262279408
16047,424,0.0,116.0,121.56980875404193,0.24311665404632146,FLATBUSH AVENUE & FLATBUSH AVENUE EXTENSION & FULTON STREET,40.68890247732504,-73.98092822887676
45135,279,0.0,116.0,121.49585217676359,0.24296873535262656,MAURICE AVENUE & QUEENS MIDTOWN EXPRESSWAY,40.727732683030304,-73.90673028068402
89273,304,0.0,76.0,121.37671570098404,0.24273045347808272,2010 CB BOUNDARY & FRANKLIN D ROOSEVELT DRIVE,40.76126124002465,-73.95573127985277
38808,288,1.0,120.0,121.2321916318671,0.24244139451540525,SOUTH CONDUIT AVENUE & SPRINGFIELD BOULEVARD,40.665636887441686,-73.75815940084185
88727,353,1.0,101.0,121.22163544156153,0.24242028134416535,FRANKLIN D ROOSEVELT DRIVE,40.70866194661557,-73.99815815514293
46381,225,1.0,82.0,121.04452826358835,0.2420660537233928,69 STREET & BROADWAY & BROOKLYN QUEENS EXPWY WB ET 40 & QUEENS BOULEVARD LINE,40.74899383081466,-73.89686930617393
18254,308,0.0,117.0,120.7992246131954,0.24157542805005805,2010 CB BOUNDARY & FLATBUSH AVENUE & PARKSIDE AVENUE,40.65563478870288,-73.9598610320365
18570,491,0.0,89.0,120.5567515787502,0.24109046382062385,4 AVENUE & 4 AVENUE LINE & ATLANTIC AVENUE,40.68442334208804,-73.97838862613504
24020,400,1.0,97.0,120.42033062514065,0.2408176116958616,BROADWAY & IRT-1-BROADWAY/ 7 AVENUE LINE & WEST 125 STREET,40.81569078942505,-73.95829447439807
94066,171,0.0,74.0,120.12990109904797,0.24023673089132702,BROOKLYN QUEENS EXPRESSWAY & METROPOLITAN AVENUE,40.71406562908081,-73.95325272951816
28911,253,1.0,129.0,119.93452436704754,0.23984596279416212,PENNSYLVANIA AVENUE & STANLEY AVENUE,40.65698028428873,-73.8894165778832
21503,291,0.0,121.0,119.87443883993188,0.23972578723969493,EAST 34 STREET & LEXINGTON AVENUE LINE & PARK AVENUE,40.74707866361942,-73.98134068711242
38902,216,0.0,126.0,119.74609106686478,0.2394690820806759,225 STREET & SOUTH CONDUIT AVENUE,40.665488614607874,-73.75234811799544
36309,195,1.0,106.0,119.6573962209626,0.23929168574587872,150 STREET & SOUTH CONDUIT AVENUE,40.66601047239358,-73.78953146919866
20369,547,0.0,106.0,119.53433339847572,0.239045550883848,BROADWAY & BROADWAY LINE & CANAL STREET,40.71939756973969,-74.00188406273293
26344,221,2.0,140.0,119.3598886094181,0.23869664824031198,KINGS HIGHWAY & SNYDER AVENUE,40.65051944363799,-73.92358493268851
36808,325,0.0,106.0,119.3480810942559,0.2386730323256381,FARMERS BOULEVARD & NORTH CONDUIT AVENUE,40.66743299482067,-73.76675402206659
26107,185,0.0,90.0,119.33149982722294,0.23863986854968225,ALBANY AVENUE & WINTHROP STREET,40.657767847227305,-73.93961482354445
103969,463,1.0,125.0,119.30827121767054,0.23859340959082034,FDR DRIVE SB ENTRANCE E 78 ST,40.768887853022775,-73.94906402688952
99876,316,0.0,115.0,118.66636321629267,0.23730954551097275,VAN WYCK EXPRESSWAY,40.703162852625425,-73.81662997043391
26963,148,0.0,98.0,118.55859153773055,0.23709399408205492,ROCKAWAY PARKWAY & WINTHROP STREET,40.66274459962033,-73.92193009557572
17354,263,0.0,104.0,118.14723115518383,0.23627124250723353,AVENUE L & OCEAN PARKWAY,40.61939824196774,-73.96956472886819
47454,211,1.0,97.0,118.13294017570274,0.23624265947791745,SOUTHERN BOULEVARD & WESTCHESTER AVENUE,40.8246564090145,-73.89193001409963
17295,218,1.0,106.0,118.08596708374975,0.23614870977585986,BAY PARKWAY & CULVER LINE & MCDONALD AVENUE,40.620913355271135,-73.97529586365638
18914,219,1.0,123.0,118.00679585222578,0.23599036138311083,FRANKLIN AVENUE & FULTON STREET & FULTON STREET LINE,40.68113695965451,-73.95566601528657
15720,502,0.0,98.0,117.99228284839705,0.2359613342884705,ATLANTIC AVENUE & BOERUM PLACE,40.689136744298985,-73.9907066951193
21002,382,0.0,100.0,117.9048468514149,0.23578645574579757,2 AVENUE & 2 AVENUE LINE & EAST 23 STREET,40.737886163684024,-73.98090534068723
47326,193,1.0,116.0,117.81135331961765,0.23559946167980225,EAST 162 STREET & EAST 163 STREET & REV JAMES A POLITE AVENUE & WESTCHESTER AVENUE & WHITE PLAINS ROAD LINE,40.82106816724941,-73.89893339009693
48750,228,0.0,116.0,117.78632464642003,0.23554940245883024,CONCOURSE LINE & EAST 188 STREET & GRAND CONCOURSE,40.86135113675212,-73.89773815490679
20574,240,1.0,106.0,117.61347105337659,0.23520368232649863,6 AVENUE LINE & CHRYSTIE STREET & GRAND STREET,40.71814447644743,-73.99382785698748
58623,183,0.0,95.0,117.53385528616344,0.23504444482907683,GRAND CENTRAL PARKWAY & HOMELAWN STREET & UTOPIA PARKWAY,40.7201320684874,-73.79037191544865
18838,309,1.0,127.0,117.43551261289142,0.23484775211694497,EASTERN PARKWAY & EASTERN PARKWAY LINE & FRANKLIN AVENUE,40.670657273393125,-73.95797317182644
53153,279,0.0,93.0,117.40644287112082,0.23478961045616242,BRUCKNER BOULEVARD & BRUSH AVENUE,40.828519667883455,-73.84117975466133
17934,182,1.0,68.0,117.34241699327522,0.23466155390511426,AVENUE C & OCEAN PARKWAY,40.64091483767279,-73.97364078325131
17399,368,2.0,142.0,117.31579935403968,0.23460831663305737,AVENUE P & OCEAN PARKWAY,40.60941778735753,-73.96768635760037
42922,219,4.0,111.0,117.27211412971458,0.23452094291250755,EAST 138 STREET & PELHAM LINE & WILLIS AVENUE,40.80910586451676,-73.92288629843576
48160,260,0.0,107.0,117.15814560011687,0.23429299731739192,WESTCHESTER AVENUE & WHITLOCK AVENUE,40.827655777454616,-73.88609624307277
28564,217,2.0,109.0,117.09644671384699,0.23416959492378028,ROCKAWAY PARKWAY & SKIDMORE AVENUE,40.632435919465614,-73.8881715067446
48736,255,2.0,151.0,117.03377218988574,0.23404424118171338,CONCOURSE LINE & EAST 184 STREET & GRAND CONCOURSE,40.859307308391244,-73.89883814512532
27022,266,0.0,153.0,117.02494288860525,0.23402658191786274,KINGS HIGHWAY & ROCKAWAY PARKWAY,40.66077097275066,-73.91974399579615
31214,215,1.0,109.0,117.0022394802896,0.23398117340081045,EUCLID AVENUE & LINDEN BOULEVARD,40.66795487193068,-73.87006490234002
54260,321,1.0,108.0,116.99462959614677,0.23396595306256598,EAST 233 STREET & WHITE PLAINS ROAD & WHITE PLAINS ROAD LINE,40.893411439233425,-73.85736281594374
55515,244,1.0,94.0,116.91738202424648,0.233811452133141,FLUSHING LINE & MAIN STREET & ROOSEVELT AVENUE,40.75957044569993,-73.83013959591133
85401,194,0.0,80.0,116.66312125789918,0.2333029115570349,BELT PARKWAY & BELT PKWY EB EN CROPSEY AVE SB,40.5835206017417,-73.98412402584282
24166,294,1.0,111.0,116.45171662218023,0.23288008645198832,FREDERICK DOUGLASS BOULEVARD & WEST 125 STREET,40.81017289497674,-73.95116548658659
18702,185,0.0,88.0,116.399276172589,0.23277520162516466,ATLANTIC AVENUE & CARLTON AVENUE & LIRR ATLANTIC LINE,40.68242291292756,-73.97068348045255
22575,441,0.0,132.0,116.39240619763817,0.23276146116072133,2 AVENUE & 2 AVENUE LINE & EAST 42 STREET & FLUSHING LINE,40.749823005527205,-73.97220372237223
27127,302,0.0,122.0,116.36627053211355,0.23270918787218475,ATLANTIC AVENUE & LIRR ATLANTIC LINE & SARATOGA AVENUE,40.67664703938748,-73.91646486097487
49938,285,2.0,86.0,116.24321803488893,0.23246307366145186,63 DRIVE & 63 ROAD & QUEENS BOULEVARD & QUEENS BOULEVARD LINE,40.73011648650852,-73.86231263304126
56073,35,0.0,38.0,116.2221408553949,0.23242091772384274,LINDEN PLACE & WHITESTONE EXPRESSWAY,40.7713453847596,-73.8333898321115
43530,79,0.0,59.0,116.17668227300462,0.23232999715434305,ADAM CLAYTON POWELL JR BOULEVARD & HARLEM RIVER DRIVE & MACOMBS PLACE & WEST 155 STREET,40.82803199391023,-73.93483711589593
53877,38,0.0,36.0,116.15173573973935,0.23228010221938783,EASTCHESTER ROAD & PELHAM PARKWAY SOUTH,40.857137052836116,-73.84379361254446
21303,572,0.0,83.0,116.12144799844296,0.23221952446832897,10 AVENUE & WEST 42 STREET,40.75962685617849,-73.99547450293326
26225,285,0.0,128.0,116.03050676771304,0.23203763519562842,CLARKSON AVENUE & UTICA AVENUE,40.65661035526698,-73.93090354965315
29066,231,2.0,85.0,116.02701341607823,0.23203064823071667,PENNSYLVANIA AVENUE & SEAVIEW AVENUE,40.644042965713815,-73.8775194825451
95453,263,0.0,101.0,116.01651728003199,0.2320096551724933,AMTRAK-NORTHEAST LINE & HENRY HUDSON PARKWAY & WEST 79 STREET,40.7855093334149,-73.98393581569458
42737,274,0.0,80.0,115.99649331828908,0.23196960574926945,3 AVENUE & EAST 135 STREET,40.80956472177863,-73.9292185415634
3432,215,0.0,91.0,115.69896693616742,0.2313745307011425,RICHMOND AVENUE & RICHMOND HILL ROAD,40.58895348862873,-74.16758983552606
26822,200,1.0,85.0,115.64614134841621,0.23126887556915313,ATLANTIC AVENUE & LIRR ATLANTIC LINE & SCHENECTADY AVENUE,40.677563281027346,-73.93308084212738
18877,240,0.0,125.0,115.64381951356027,0.2312642317255424,BEDFORD AVENUE & EMPIRE BOULEVARD,40.66351739723817,-73.95720935470574
24255,242,0.0,107.0,115.60375928163533,0.23118410826129457,AMSTERDAM AVENUE & WEST 145 STREET,40.82523285883793,-73.94760500207282
26233,253,0.0,142.0,115.59587755116439,0.23116834421003338,RUTLAND ROAD & UTICA AVENUE,40.66059330604155,-73.93132569701622
50276,192,0.0,79.0,115.53507967786571,0.23104674390984745,QUEENS BOULEVARD & QUEENS BOULEVARD LINE & YELLOWSTONE BOULEVARD,40.72293310091308,-73.8473298838282
28696,223,0.0,118.0,115.40460607829313,0.23078578693859908,FLATLANDS AVENUE & ROCKAWAY PARKWAY,40.64365991439069,-73.90066994150385
9009342,189,2.0,92.0,115.1560299906043,0.23028861614557625,CROSS BRONX EXPRESSWAY,40.845120127257076,-73.9147991107342
9032688,227,0.0,95.0,114.80511354202808,0.22958675696577538,HARLEM RIVER DRIVE & HRD NB EN FREDERICK DOUGLASS BL,40.831965175166154,-73.93528053198567
20597,433,0.0,127.0,114.5294950397097,0.22903549931809317,BROADWAY & BROADWAY LINE & EAST HOUSTON STREET & HOUSTON/ESSEX STREET LINE & WEST HOUSTON STREET,40.725431944256556,-73.99677175813488
23415,322,2.0,85.0,114.46134447423887,0.2288991930828671,BROADWAY & IRT-1-BROADWAY/ 7 AVENUE LINE & WEST 96 STREET,40.79465094296704,-73.97178424740953
51248,218,1.0,114.0,114.25163244274765,0.22847975331304726,126 STREET & 2020 CB BOUNDARY & FLUSHING LINE & ROOSEVELT AVENUE & SEAVER WAY,40.75533680303126,-73.84324381431797
20489,533,1.0,92.0,114.24554138652297,0.22846757074439505,CANAL STREET & LAFAYETTE STREET & LEXINGTON AVENUE LINE & MANHATTAN BRIDGE LINE,40.718430238276326,-74.0005319559787
9041937,314,0.0,89.0,114.10762275144477,0.22819172314452335,EAST GUN HILL ROAD & OLINVILLE AVENUE,40.87781437019084,-73.86811884923736
17384,239,0.0,113.0,114.07220240797308,0.22812087980469653,18 AVENUE & OCEAN PARKWAY,40.63311162131761,-73.97216146038596
38973,319,0.0,129.0,114.02239897255569,0.22802126920372545,MERRICK BOULEVARD & SPRINGFIELD BOULEVARD,40.68011688548934,-73.75323817300588
9027146,337,1.0,106.0,113.96989155719761,0.22791625044035255,2010 CB BOUNDARY & CROSS ISLAND PARKWAY,40.76210745782162,-73.75673001057594
19748,247,0.0,96.0,113.84209052917258,0.22766063881236734,MYRTLE AVENUE & NOSTRAND AVENUE,40.695003771201684,-73.95248890954541
60971,267,1.0,115.0,113.7516184551628,0.22747968788824557,FRANCIS LEWIS BOULEVARD & HILLSIDE AVENUE,40.72106344330608,-73.759441430277
16619,117,0.0,79.0,113.74660109561454,0.22746965279336304,AVENUE V & OCEAN PARKWAY,40.595707173150174,-73.96506098458171
98957,157,0.0,73.0,113.65488631558958,0.22728621636413576,MAJOR DEEGAN EXPRESSWAY & METRO NORTH HARLEM LINE,40.81183903748295,-73.93146960004061
44485,222,0.0,101.0,113.62613476395126,0.22722871110744933,8 AVENUE LINE & BROADWAY & WEST 204 STREET,40.86701558127346,-73.92310988026207
47991,165,0.0,98.0,113.61694218680117,0.22721032526465113,EAST 180 STREET & WEBSTER AVENUE,40.85230779226399,-73.89810477701207
43048,199,1.0,115.0,113.41759525719854,0.22681161647492526,EAST 138 STREET & PELHAM LINE & ST ANNS AVENUE,40.806813637264334,-73.91749751885065
100001,220,0.0,91.0,113.35773181571038,0.22669188510834667,2020 CB BOUNDARY & BRUCKNER BOULEVARD & BRUCKNER BOULEVARD BIKE PATH & EAST 149 STREET,40.80966314531234,-73.90304837263427
25360,259,0.0,110.0,113.19539502683017,0.22636719937202038,BELT PARKWAY & FLATBUSH AVENUE,40.596511774580684,-73.907875364558
21816,281,0.0,118.0,112.79444214746079,0.22556526358304618,1 AVENUE & DISTRICT BOUNDARY & EAST 23 STREET,40.73688765902104,-73.97854094704853
61103,336,1.0,98.0,112.67422840024479,0.2253248270849449,212 STREET & CLEARVIEW EXPRESSWAY & HILLSIDE AVENUE,40.724691905784944,-73.75409142414787
9032172,245,0.0,89.0,112.66352833206811,0.2253034261471867,MACOMBS DAM BRDG PEDESTRIAN PATH & MAJOR DEEGAN EXPRESSWAY,40.828223910106985,-73.93111990338662
36398,199,0.0,86.0,112.57093180755477,0.22511822616294253,150 STREET & ROCKAWAY BOULEVARD & SUTPHIN BOULEVARD,40.673009625916826,-73.7880864731932
27239,205,0.0,101.0,112.51128769311042,0.22499893346687852,LIVONIA AVENUE & NEW LOTS LINE & ROCKAWAY AVENUE,40.66255460700979,-73.90892035247025
13002,359,1.0,88.0,112.47365345172315,0.22492366216540585,CROPSEY AVENUE & NEPTUNE AVENUE & WEST 17 STREET,40.57893714247731,-73.98521063866067
26509,224,2.0,132.0,112.13254531806429,0.2242414203500547,CHURCH AVENUE & LINDEN BOULEVARD,40.65431417282276,-73.91757588611365
3045,218,0.0,84.0,112.10189494702843,0.22418011731235696,ARTHUR KILL ROAD & DRUMGOOLE ROAD WEST,40.56152092333396,-74.17185166510367
18225,152,0.0,70.0,112.09008272213015,0.22415649197785822,BEVERLEY ROAD & FLATBUSH AVENUE,40.64506996268456,-73.95802176472351
20752,434,2.0,128.0,112.06861244711553,0.22411354981976617,6 AVENUE LINE & AVENUE OF THE AMERICAS & PATH-JOURNAL SQ- 33 ST LINE & WEST 23 STREET,40.74291001945103,-73.9928034089221
28719,239,1.0,131.0,112.03274074826822,0.22404180373538288,LINDEN BOULEVARD & MOTHER GASTON BOULEVARD,40.65531163303184,-73.90317858366693
99842,231,0.0,82.0,111.96733084584812,0.22391097903152618,LONG ISLAND EXPRESSWAY,40.739358619051636,-73.79199396000591
7357,222,2.0,121.0,111.82117148813063,0.22361864936916911,ALLISON AVENUE & EBBITTS AVENUE & HYLAN BOULEVARD,40.566497188593154,-74.11376161210971
29355,194,0.0,117.0,111.76779489466797,0.22351189218448808,PENNSYLVANIA AVENUE & SUTTER AVENUE,40.66937013822622,-73.89522126269077
48752,258,1.0,110.0,111.66008114642996,0.22329645662055728,CONCOURSE LINE & EAST FORDHAM ROAD & GRAND CONCOURSE,40.86244506444083,-73.89714379848796
13740,310,0.0,108.0,111.62794795954613,0.22323218784010493,65 STREET & BAY PARKWAY,40.613837688218254,-73.9814375000531
97391,255,0.0,107.0,111.44543679059906,0.22286715183264097,BELT PARKWAY & COHANCY STREET,40.66646291020824,-73.83485632880597
32478,197,2.0,116.0,111.35513316782179,0.22268653782360076,91 AVENUE & WOODHAVEN BOULEVARD,40.689840521361255,-73.85006954944353
5910,290,0.0,94.0,111.27548736471908,0.22252724025215018,DR M L KING EP NB EN VICTORY BL & LOOP ROAD & VICTORY BOULEVARD,40.60884986387469,-74.15338665339321
69173,252,0.0,110.0,111.27162471273937,0.22251951465888906,ATLANTIC AVENUE & GRAND AVENUE & LIRR ATLANTIC LINE,40.68046352334825,-73.96134655860571
94610,250,0.0,83.0,111.15249515332764,0.22228124661759888,BROOKLYN QUEENS EXPRESSWAY & BROOKLYN QUEENS EXPWY WB ET 29,40.696558535601774,-73.98090810216706
16474,256,0.0,109.0,111.09851507159713,0.2221732824111826,NEPTUNE AVENUE & WEST 5 STREET,40.57980527634685,-73.97183330853022
47849,172,0.0,93.0,111.09167413915183,0.22215960003392554,3 AVENUE & CLAREMONT PARKWAY,40.83819811774142,-73.90117493564316
16214,206,1.0,91.0,111.07643724458796,0.22212912510359753,BRIGHTON BEACH AVENUE & BRIGHTON LINE & OCEAN PARKWAY & WEST BRIGHTON AVENUE,40.57630503138596,-73.96853234187793
80357,194,0.0,84.0,111.01343883291787,0.22200312356185467,BELT PARKWAY & ROCKAWAY PARKWAY,40.63052096284753,-73.88594582579258
37038,204,1.0,125.0,110.60970684130784,0.22119562934025153,ARCHER AVENUE & GUY R BREWER BOULEVARD,40.70329413654936,-73.79609008926145
18249,269,1.0,96.0,110.54756370898785,0.2210713384212669,CATON AVENUE & FLATBUSH AVENUE,40.65292817868586,-73.95932926427675
14825,328,0.0,104.0,110.51025335879261,0.22099671492643683,4 AVENUE & 4 AVENUE LINE & PROSPECT AVENUE,40.665507281511644,-73.99277080640512
43907,110,0.0,84.0,110.47243242179857,0.22092107021976765,EDWARD L GRANT HIGHWAY & PLIMPTON AVENUE,40.84275115499951,-73.92281874410193
22572,387,0.0,92.0,110.36561458179389,0.2207074265394045,3 AVENUE & EAST 42 STREET & FLUSHING LINE,40.75076469275329,-73.9744445163771
97011,198,0.0,85.0,109.8783543091418,0.21973286949968548,FRANCIS LEWIS BOULEVARD & LONG ISLAND EXPRESSWAY,40.743291242842915,-73.77572220596375
31909,312,0.0,107.0,109.52101643529167,0.21901816698839022,156 AVENUE & CROSS BAY BOULEVARD,40.66419332930656,-73.84111769685438
32502,311,0.0,135.0,109.4533163728136,0.21888276179289107,PARK LANE SOUTH & WOODHAVEN BOULEVARD,40.69756075016209,-73.85274511702985
48621,102,1.0,45.0,109.44681405068643,0.21886975666163122,MAJOR DEEGAN EXPRESSWAY & WEST 230 STREET,40.87647697754377,-73.90448464829177
19026,199,0.0,82.0,109.3919511219563,0.21876002669509292,ATLANTIC AVENUE & LIRR ATLANTIC LINE & NEW YORK AVENUE,40.678320580964254,-73.94691891476708
48826,297,0.0,114.0,109.3620731470952,0.218700268507595,EAST FORDHAM ROAD & VALENTINE AVENUE,40.86225834335294,-73.89588387508252
18436,280,1.0,111.0,109.32343829525922,0.21862299591028203,CHURCH AVENUE & NOSTRAND AVENUE & NOSTRAND AVENUE LINE,40.650807900055376,-73.94957113064687
79643,215,0.0,92.0,109.25847788038121,0.21849307021517486,17 STREET & GOWANUS EXPRESSWAY,40.666522415872564,-73.99618487071471
41911,285,0.0,100.0,108.96456445056839,0.21790522134226548,51 STREET & NORTHERN BOULEVARD & QUEENS BOULEVARD LINE & WOODSIDE AVENUE,40.7529765233235,-73.91023124700793
42495,390,1.0,142.0,108.95091598619804,0.21787792339129344,2 AVENUE LINE & EAST 125 STREET & LEXINGTON AVENUE & LEXINGTON AVENUE LINE,40.80437467775932,-73.93741852725215
51032,333,0.0,116.0,108.9468376657266,0.21786976644489592,114 STREET & NORTHERN BOULEVARD,40.758305409838584,-73.855608198854
49612,353,0.0,91.0,108.64124066291346,0.21725854955091936,BAINBRIDGE AVENUE & EAST GUN HILL ROAD,40.881076521043646,-73.87848743410898
12789,270,1.0,92.0,108.62134325647513,0.21721875324778328,BATH AVENUE & BAY PARKWAY,40.5985516120427,-73.99733919665805
47846,128,0.0,102.0,108.60793928395728,0.21719194429882802,CLAREMONT PARKWAY & WASHINGTON AVENUE,40.83887349786134,-73.9026474928017
86517,208,1.0,87.0,108.44202289044013,0.2168600990851256,LINDEN PLACE & WHITESTONE EXPRESSWAY,40.771250351792204,-73.83335060283292
57993,261,1.0,87.0,108.43861756368442,0.21685328817656482,BARTOW AVENUE & CO-OP CITY BOULEVARD,40.86949964994389,-73.82618165448159
103379,251,0.0,107.0,108.36240868322892,0.21670086470782446,2000 CB BOUNDARY & GRAND CENTRAL PARKWAY,40.726454492274094,-73.7656970698208
24288,193,0.0,114.0,108.36022205627765,0.21669649129014976,FREDERICK DOUGLASS BOULEVARD & WEST 135 STREET,40.816502340158024,-73.94654653378495
20960,223,1.0,135.0,108.26699042959409,0.21651002105399778,AVENUE C & EAST HOUSTON STREET & PITT STREET,40.72070878494116,-73.98130824236414
44541,224,2.0,92.0,108.24096594423575,0.21645797013412083,SHERMAN AVENUE & WEST 207 STREET,40.86579683102426,-73.91999591630027
44103,391,0.0,102.0,107.61066707862747,0.2151973251953038,EAST MOUNT EDEN AVENUE & JEROME AVENUE & JEROME AVENUE LINE & WEST MOUNT EDEN AVENUE,40.84434250297019,-73.91474419459185
50908,197,0.0,88.0,107.60661613950626,0.2151892230136575,108 STREET & NORTHERN BOULEVARD,40.75782499361508,-73.86099882428913
48833,258,0.0,80.0,107.58807256777665,0.21515213448133727,EAST FORDHAM ROAD & MARION AVENUE,40.86183219279381,-73.89285169147938
19655,259,1.0,83.0,107.57845786061051,0.21513290434689064,2020 CB BOUNDARY & BEDFORD AVENUE & FLUSHING AVENUE,40.69897391389275,-73.95701993199235
13098,194,1.0,89.0,107.55919653035842,0.21509438024376737,NEPTUNE AVENUE & STILLWELL AVENUE,40.57919970870902,-73.98193839571304
47697,281,0.0,69.0,107.34399809317986,0.2146639672516566,BRONX RIVER PARKWAY ET 2 W SB & BRUCKNER BOULEVARD & CT BOUNDARY & MORRISON AVENUE,40.824419845678655,-73.87356808514832
19656,247,0.0,92.0,107.3051848066018,0.2145863377714952,BEDFORD AVENUE & PARK AVENUE,40.6967845396274,-73.95658117244395
21257,547,0.0,52.0,107.25776524418971,0.21449149509508006,8 AVENUE & 8 AVENUE LINE & WEST 31 STREET,40.75029330942116,-73.99484363927091
30030,271,0.0,81.0,107.24221914473888,0.21446040173181957,FRESH POND ROAD & METROPOLITAN AVENUE,40.71269738561736,-73.90059587815654
17940,187,0.0,80.0,107.03974940385007,0.2140554470856316,BEVERLEY ROAD & OCEAN PARKWAY,40.6433049725733,-73.97409606862388
17349,214,2.0,105.0,107.01925653585995,0.21401445981479358,AVENUE N & OCEAN PARKWAY,40.614621491818575,-73.96865662874914
46240,198,0.0,88.0,106.8731212660405,0.2137221783300367,43 STREET & ASTORIA BOULEVARD NORTH & SOUND STREET,40.7688881230587,-73.90690774304572
19901,180,1.0,119.0,106.79959728791339,0.2135751248670447,MYRTLE AVENUE & THROOP AVENUE,40.696030854775444,-73.94352527487224
22735,268,0.0,95.0,106.78346959530168,0.2135428682739028,1 AVENUE & EAST 49 STREET,40.753243424618965,-73.96661581768902
39499,167,0.0,94.0,106.76542714969682,0.21350678203136497,HOOK CREEK BOULEVARD & SOUTH CONDUIT AVENUE,40.66534761204797,-73.72984944324448
20238,471,0.0,132.0,106.72344381738488,0.21342281222230836,CANAL STREET & IRT-1-BROADWAY/ 7 AVENUE LINE & VARICK STREET,40.72254950252448,-74.0062984174559
16623,174,0.0,85.0,106.70070980673997,0.2133773424983055,AVENUE T & OCEAN PARKWAY,40.600084744583725,-73.96590395363964
47444,466,1.0,165.0,106.6764378479505,0.21332879676282557,BRUCKNER BOULEVARD & HUNTS POINT AVENUE,40.820306481958056,-73.89082378060472
43859,174,1.0,84.0,106.50366000112722,0.21298322812860748,EAST 158 STREET & GRAND CONCOURSE,40.82541321943394,-73.92347379187667
39608,256,1.0,119.0,106.45836448568103,0.21289263370520925,FARMERS BOULEVARD & LINDEN BOULEVARD,40.69166785353126,-73.76238524120615
86798,146,0.0,91.0,106.3808046614851,0.21273750824780616,109 AVENUE & VAN WYCK EXPRESSWAY,40.68706639989965,-73.80796318224088
41795,285,0.0,106.0,106.14007558176051,0.21225603205843047,30 AVENUE & STEINWAY STREET,40.76389230378615,-73.91499211698698
32427,246,2.0,84.0,106.12413784100697,0.21222415538323172,FOREST PARK DRIVE & WOODHAVEN BOULEVARD,40.700594049860555,-73.85456630579507
42492,357,1.0,110.0,106.03357400007528,0.21204302091839308,EAST 125 STREET & METRO NORTH-CONNECTING RAIL LINE & METRO NORTH-HARLEM/HUDSON LINES & PARK AVENUE,40.805056456013745,-73.93903498268008
41266,306,3.0,115.0,106.02391866593301,0.21202370952695135,58 STREET & QUEENS BOULEVARD,40.74186224776642,-73.90750569603372
97013,220,0.0,82.0,105.95572522498918,0.21188731753756804,LONG ISLAND EXPRESSWAY & LONG ISLAND EXPWY EB ET 27 N-S,40.74335684142382,-73.77551238327618
40684,215,0.0,94.0,105.938843280115,0.2118535523834098,GREENPOINT AVENUE & JJ BYRNE MEMORIAL BRIDGE & REVIEW AVENUE & VAN DAM STREET,40.73431476137085,-73.93801474211465
21517,388,0.0,117.0,105.57403761272377,0.21112391372571573,42 STREET SHUTTLE LINE & 5 AVENUE & EAST 42 STREET & WEST 42 STREET,40.7534809890713,-73.98088709861692
44086,165,1.0,87.0,105.51773527113639,0.211011304825655,EAST 170 STREET & JEROME AVENUE & JEROME AVENUE LINE & WEST 170 STREET,40.840225494755416,-73.91768361997241
15831,316,0.0,85.0,105.46789924370132,0.2109116290382075,ATLANTIC AVENUE & CULVER/ 6 AVENUE LINE & SMITH STREET,40.68861555474692,-73.98916812696125
54218,238,0.0,98.0,105.4595116110656,0.2108948531447261,CARPENTER AVENUE & EAST 233 STREET,40.894314875704936,-73.86026133214875
44248,161,3.0,73.0,105.45615328177288,0.21088813623461136,EAST 168 STREET & WEBSTER AVENUE,40.83228142228707,-73.90962130598643
48822,238,0.0,127.0,105.39312770396668,0.21076208035856162,EAST 188 STREET & WEBSTER AVENUE,40.859874205898485,-73.8932152083795
91370,194,1.0,47.0,105.38727462593246,0.2107503737641142,HARLEM RIVER DRIVE & RFK BR EN FDR AND HARLEM RVR DRV,40.80115171442167,-73.92988212530322
85307,277,0.0,88.0,105.38147903461682,0.21073878214740951,BROOKLYN QUEENS EXPRESSWAY & BROOKLYN QUEENS EXPWY WB ET 29,40.69665692312196,-73.98084445561709
48681,168,1.0,91.0,105.33412452778754,0.2106440695870325,UNIVERSITY AVENUE & WEST KINGSBRIDGE ROAD,40.86828390426263,-73.90106540818255
24407,361,0.0,87.0,105.29166100989349,0.2105591393708471,DISTRICT BOUNDARY & RIVERSIDE DRIVE & WEST 165 STREET,40.84105098254279,-73.94468025926712
18176,204,0.0,107.0,105.17915540838194,0.21033411974147304,CATON AVENUE & OCEAN AVENUE,40.65216985772904,-73.9614073964676
22918,542,0.0,69.0,105.04518063792813,0.2100661601662344,EAST 62 STREET & YORK AVENUE,40.76053521540765,-73.95835151987288
22393,182,0.0,58.0,104.95691537834178,0.20988962303624367,BQE WB EN MC GUINNESS BLVD S & HUMBOLDT STREET & MEEKER AVENUE,40.72024041217812,-73.94440536741809
42119,256,1.0,112.0,104.94936972985892,0.20987453117413024,1 AVENUE & EAST 116 STREET,40.79600549473343,-73.93541084845027
24141,206,2.0,105.0,104.74371803188156,0.2094632123754456,ADAM CLAYTON POWELL JR BOULEVARD & WEST 116 STREET,40.80321652923418,-73.95252974960091
96058,232,0.0,99.0,104.61641308700669,0.20920859295091596,LONG ISLAND EXPRESSWAY,40.73883734922804,-73.8140760191331
21225,652,2.0,105.0,104.42038535253563,0.20881652280005153,11 AVENUE & WEST 42 STREET,40.76082206888938,-73.99831211270654
32363,216,1.0,92.0,104.03520397503782,0.2080461311960613,UNION TURNPIKE & WOODHAVEN BOULEVARD,40.70559168988392,-73.85823279753743
54104,179,1.0,87.0,103.7566452826787,0.2074889929480857,BAYCHESTER AVENUE & GIVAN AVENUE,40.877475437196196,-73.83660117115363
23418,312,3.0,53.0,103.6520275657216,0.2072797496786007,AMSTERDAM AVENUE & DISTRICT BOUNDARY & WEST 96 STREET,40.79405173704315,-73.97036786182709
15202,401,0.0,114.0,103.61908206636423,0.20721385621236132,MURRAY STREET & WEST STREET,40.7152378932875,-74.0133785887868
84933,141,0.0,83.0,103.60980999401964,0.2071953113732202,BROOK AVENUE & MAJOR DEEGAN EXPRESSWAY,40.80531283629243,-73.92086384645366
