NODEID,crash_count,total_killed,total_injured,severity_score,severity_score_norm,intersection_name,latitude,longitude,predicted_cause,Top_Intervention
44700,578,0.0,276.0,494.06302826205234,1.0,MAJOR DEEGAN EXPRESSWAY & WEST FORDHAM ROAD,40.86186388556316,-73.91273784315315,Other,Raised Crosswalk 
26912,833,0.0,401.0,473.338122385083,0.9580507264101842,BUFFALO AVENUE & EASTERN PARKWAY & EASTERN PARKWAY LINE,40.66850525271033,-73.92560682554654,Driver Inattention/Distraction,Turn Calming
29303,1070,1.0,381.0,452.4122431664469,0.915694662760916,ATLANTIC AVENUE & FULTON STREET LINE & PENNSYLVANIA AVENUE,40.67573639407235,-73.89685197457453,Other,Raised Crosswalk 
28915,988,2.0,448.0,435.2135690204462,0.8808828333892603,LINDEN BOULEVARD & PENNSYLVANIA AVENUE,40.65857648666635,-73.89062134157223,Other,Raised Crosswalk 
95822,536,2.0,294.0,367.4179384887497,0.7436577250943855,BELT PARKWAY & DISTRICT BOUNDARY,40.64261149614595,-73.87647131143005,Other,Raised Crosswalk 
40452,382,0.0,229.0,367.0862644324618,0.7429863837714159,CROSS ISLAND PARKWAY & HEMPSTEAD AVENUE,40.71121891474098,-73.7282602664229,Other,Raised Crosswalk 
15968,1422,1.0,286.0,350.572650092404,0.7095611836754485,FLATBUSH AVENUE EXTENSION & TILLARY STREET,40.69603534136185,-73.98452995779606,Other,Raised Crosswalk 
47365,301,0.0,189.0,346.78217557367446,0.7018888857376273,2020 CB BOUNDARY & BRUCKNER BOULEVARD & LONGWOOD AVENUE,40.815754565908335,-73.89527690870976,Other,Raised Crosswalk 
9065197,288,1.0,185.0,336.1626060876323,0.6803938194429674,BRUCKNER EXPRESSWAY WB EXIT 48 & BRUCKNER EXPWY WB EN LEGGETT AVE & LEGGETT AVENUE,40.81309477385652,-73.89825562559325,Other,Raised Crosswalk 
29756,751,0.0,331.0,311.2814836250726,0.6300319495459613,ATLANTIC AVENUE & LOGAN STREET,40.68001443693011,-73.87742686130885,Other,Raised Crosswalk 
29315,692,0.0,303.0,302.14487626731227,0.6115385462944016,JACKIE ROBINSON PARKWAY & JAMAICA AVENUE & PENNSYLVANIA AVENUE,40.6781632546092,-73.89747545214588,Other,Raised Crosswalk 
44120,393,1.0,189.0,300.9883313997646,0.6091975842965202,CROSS BRONX EP SB EN JEROME AV & CROSS BRONX EXPRESSWAY & JEROME AVENUE & JEROME AVENUE LINE,40.84517775469018,-73.91416076370362,Other,Raised Crosswalk 
26911,487,0.0,322.0,296.24572717368943,0.5995980810037729,EASTERN PARKWAY & EASTERN PARKWAY LINE & ROCHESTER AVENUE,40.668647194108125,-73.92834967195502,Driver Inattention/Distraction,Turn Calming
28640,537,2.0,276.0,289.16848170120187,0.5852730313099366,LINDEN BOULEVARD & ROCKAWAY AVENUE,40.65473842017596,-73.90692334249326,Other,Raised Crosswalk 
9035729,712,0.0,227.0,279.19436579124084,0.5650844273371463,VAN WYCK EXPRESSWAY,40.70453397837511,-73.81743226270399,Other,Raised Crosswalk 
43732,673,0.0,240.0,276.90256513177053,0.5604455945507317,AMSTERDAM AVENUE & BIKE PATH & WASHINGTON BRIDGE & WEST 181 STREET,40.84811893850539,-73.93088430107696,Other,Raised Crosswalk 
99005,181,0.0,114.0,273.97266489400744,0.5545151846663919,BRUCKNER BOULEVARD & EAST 138 STREET,40.80458646725574,-73.91212496110782,Other,Raised Crosswalk 
27279,678,0.0,290.0,270.9091297616997,0.5483142844461405,ATLANTIC AVENUE & EASTERN PARKWAY,40.67618933250074,-73.90808819477544,Other,Raised Crosswalk 
28567,344,0.0,158.0,267.5822532136294,0.5415803549729248,ROCKAWAY PARKWAY & SHORE PARKWAY,40.6308208047717,-73.8863571262001,Other,Raised Crosswalk 
9031585,522,0.0,203.0,267.08676221203297,0.5405774318373193,BRUCKNER BOULEVARD & HUNTS POINT AVENUE,40.82018926750066,-73.89067701263728,Other,Raised Crosswalk 
26863,639,2.0,299.0,265.6066587470636,0.5375815550134717,EASTERN PARKWAY & EASTERN PARKWAY LINE & UTICA AVENUE,40.66879854250314,-73.93111937853939,Driver Inattention/Distraction,Turn Calming
27050,531,0.0,279.0,260.8738863681713,0.5280019523586245,DISTRICT BOUNDARY & EASTERN PARKWAY & HOWARD AVENUE,40.6694763732542,-73.91996590484914,Other,Raised Crosswalk 
19489,390,0.0,215.0,259.56573830966016,0.525354130403329,BROOKLYN QUEENS EXPRESSWAY & KENT AVENUE,40.69998354976191,-73.96179611574271,Other,Raised Crosswalk 
100364,329,0.0,147.0,252.961497885978,0.511986490037163,LONG ISLAND EXPRESSWAY,40.764304665426074,-73.72305851746718,Other,Raised Crosswalk 
18971,587,2.0,228.0,247.9741013610617,0.501891502751498,ATLANTIC AVENUE & BEDFORD AVENUE & LIRR ATLANTIC LINE,40.67872199514338,-73.95298672707892,Other,Raised Crosswalk 
41385,661,1.0,190.0,247.02957073901177,0.4999796787020405,2000 CB BOUNDARY & 2010 CB BOUNDARY & BIKE PATH & FLUSHING LINE & JACKSON AVENUE & QUEENS BOULEVARD & QUEENS BOULEVARD LINE & QUEENS PLAZA & QUEENS PLAZA EAST & QUEENS PLAZA SOUTH,40.748916439832314,-73.93739653684719,Driver Inattention/Distraction,Turn Calming
7442,506,1.0,186.0,244.2636114645435,0.4943811016550925,HYLAN BOULEVARD & NEW DORP LANE,40.570466380139784,-74.10976158324834,Other,Raised Crosswalk 
81690,432,0.0,220.0,243.1041685169884,0.4920342736546421,BELT PARKWAY & BELT PARKWAY EXIT 21 B EB,40.66726327870976,-73.77017064797896,Other,Raised Crosswalk 
54159,521,1.0,208.0,242.76244988244363,0.4913426011048919,EAST 233 STREET & WEBSTER AVENUE,40.895377017122904,-73.86355915843276,Other,Raised Crosswalk 
36072,665,1.0,311.0,241.4619812247306,0.488710323021641,FARMERS BOULEVARD & NASSAU EXPRESSWAY & ROCKAWAY BOULEVARD,40.65965115751005,-73.77382964781226,Other,Raised Crosswalk 
49100,452,1.0,196.0,241.42144096095757,0.4886282654901611,EAST FORDHAM ROAD & SOUTHERN BOULEVARD,40.85712750810492,-73.88079155252046,Other,Raised Crosswalk 
26801,476,4.0,251.0,240.9419544696329,0.4876577370773129,EASTERN PARKWAY & EASTERN PARKWAY LINE & SCHENECTADY AVENUE,40.668950445687784,-73.93388773700839,Driver Inattention/Distraction,Turn Calming
29632,311,3.0,202.0,239.3582068342904,0.4844520741301999,ASHFORD STREET & LINDEN BOULEVARD,40.66278129466891,-73.88085397024808,Driver Inattention/Distraction,Turn Calming
42863,413,2.0,221.0,238.407975096691,0.4825287104550684,EAST 149 STREET & GRAND CONCOURSE & JEROME AVENUE LINE & WHITE PLAINS ROAD LINE,40.81855963342483,-73.92731653179887,Other,Raised Crosswalk 
42540,682,1.0,197.0,237.78050330210377,0.4812586450498362,2 AVENUE & EAST 125 STREET & RFK BRDG ET 125 STREET 2 AVE,40.80275218022768,-73.93357644809836,Other,Raised Crosswalk 
52651,475,1.0,131.0,235.94633516780073,0.4775461060722236,BRUCKNER BOULEVARD & WHITE PLAINS ROAD,40.82627734787295,-73.85970333337542,Other,Raised Crosswalk 
29361,389,1.0,203.0,235.40159415951408,0.4764434960180278,PENNSYLVANIA AVENUE & PITKIN AVENUE,40.67189284482619,-73.89586724973726,Other,Raised Crosswalk 
89767,394,3.0,202.0,232.56406778375137,0.4707000600303418,CROSS BRONX EXPRESSWAY & GRAND CONCOURSE,40.84518989723403,-73.9112272227814,Driver Inattention/Distraction,Turn Calming
36094,612,9.0,356.0,230.02847225605493,0.4655677621499133,150 ROAD & GUY R BREWER BOULEVARD & NORTH BOUNDARY ROAD & ROCKAWAY BOULEVARD,40.6561601262011,-73.767352743243,Other,Raised Crosswalk 
83264,444,0.0,211.0,228.97424378404617,0.4634338987267934,2000 CB BOUNDARY & GRAND CENTRAL PARKWAY,40.7254339130853,-73.8377685707714,Other,Raised Crosswalk 
27203,483,3.0,266.0,227.8373893292414,0.4611327920853682,ATLANTIC AVENUE & LIRR ATLANTIC LINE & ROCKAWAY AVENUE,40.67634444493921,-73.91092600825262,Other,Raised Crosswalk 
85527,356,0.0,185.0,227.43111506148904,0.4603104525045943,BROOKLYN QUEENS EXPRESSWAY,40.702720674364315,-73.96049035113866,Other,Raised Crosswalk 
26756,355,2.0,188.0,226.32311741073823,0.4580677549085647,EASTERN PARKWAY & EASTERN PARKWAY LINE & TROY AVENUE,40.669100570874576,-73.9366570203645,Other,Raised Crosswalk 
48899,545,0.0,231.0,224.2376933890284,0.4538466489910369,EAST FORDHAM ROAD & WEBSTER AVENUE,40.86170058800404,-73.8913802342096,Other,Raised Crosswalk 
95383,574,0.0,193.0,221.3606249114389,0.4480231758510621,ATLANTIC AVENUE & BROOKLYN QUEENS EXPWY WB ET 27,40.69161307868865,-73.9993654026919,Other,Raised Crosswalk 
70898,371,1.0,182.0,220.59270931297132,0.4464688381992902,ATLANTIC AVENUE & LIRR ATLANTIC LINE & UTICA AVENUE,40.67741303776774,-73.93031762749789,Other,Raised Crosswalk 
15849,424,0.0,148.0,219.2039694137823,0.4436578903319268,ADAMS STREET & BROOKLYN BRIDGE PEDESTRIAN PATH & TILLARY STREET,40.696197996935155,-73.98876441134881,Other,Raised Crosswalk 
53407,301,0.0,174.0,218.29594077828423,0.4418199499386619,BRONX RIVER PARKWAY & EAST GUN HILL ROAD,40.878290316910515,-73.87005983842354,Other,Raised Crosswalk 
18574,636,2.0,191.0,216.277795089524,0.4377350220676027,ATLANTIC AVENUE & EASTERN PARKWAY LINE & FLATBUSH AVENUE,40.68405228675664,-73.97745722150042,Other,Raised Crosswalk 
40382,189,0.0,120.0,213.5810528036311,0.43227654709919,CROSS ISLAND PARKWAY & CROSS ISLAND PY SB EN LINDEN BL & LINDEN BOULEVARD,40.690779144833215,-73.72727222574596,Other,Raised Crosswalk 
25714,529,5.0,180.0,213.4052879605714,0.431920781551556,AVENUE U & FLATBUSH AVENUE,40.60980907944876,-73.92249750875173,Other,Raised Crosswalk 
41235,117,1.0,96.0,212.00774261817952,0.4290920105901729,BORDEN AVENUE & MAURICE AVENUE & QUEENS MIDTOWN EXPRESSWAY SR S,40.72720873896494,-73.907409972772,Other,Raised Crosswalk 
48586,428,0.0,204.0,211.21613139198283,0.4274897106279137,DEVOE PARK PATH & UNIVERSITY AVENUE & WEST FORDHAM ROAD,40.86274957400548,-73.90493385938606,Other,Raised Crosswalk 
26844,352,1.0,174.0,211.07864621453172,0.4272114269359308,EAST NEW YORK AVENUE & REMSEN AVENUE & UTICA AVENUE,40.66323044430621,-73.93160218676587,Driver Inattention/Distraction,Turn Calming
100527,265,0.0,146.0,208.5852697469083,0.4221645846378928,BRUCKNER BOULEVARD & TIFFANY STREET,40.817795639137195,-73.89318364808774,Other,Raised Crosswalk 
99036,404,1.0,183.0,208.44668627543612,0.4218840778894268,CROSS ISLAND PARKWAY,40.711014156995944,-73.72808542276827,Other,Raised Crosswalk 
32492,478,6.0,232.0,207.4123166073231,0.4197904106632273,JAMAICA AVENUE & JAMAICA LINE & WOODHAVEN BOULEVARD,40.69366135875246,-73.85216495765837,Driver Inattention/Distraction,Turn Calming
48666,406,2.0,192.0,205.00025615486817,0.4149081600785504,EAST FORDHAM ROAD & JEROME AVENUE & JEROME AVENUE LINE & WEST FORDHAM ROAD,40.8627563835341,-73.9010796697877,Other,Raised Crosswalk 
84538,361,1.0,182.0,204.64001759122195,0.4141790013478085,CROSS BRONX EXPRESSWAY & CROSS BRONX EXPWY EB ET 2 A & CT BOUNDARY,40.845070778860126,-73.9168430953991,Other,Raised Crosswalk 
50233,401,1.0,115.0,203.3828325100407,0.4116343335342813,108 STREET & HORACE HARDING EXPRESSWAY,40.73768205348298,-73.85204758678901,Driver Inattention/Distraction,Turn Calming
18889,441,0.0,226.0,201.8416626405202,0.40851485222572,BEDFORD AVENUE & EASTERN PARKWAY & EASTERN PARKWAY LINE,40.67012490486584,-73.95526963664179,Driver Inattention/Distraction,Turn Calming
49295,644,2.0,211.0,201.15144282649857,0.4071177785797701,EAST GUN HILL ROAD & WEBSTER AVENUE,40.87864613582553,-73.87159658329522,Other,Raised Crosswalk 
28952,439,2.0,189.0,199.79142792603852,0.4043649729706974,FLATLANDS AVENUE & PENNSYLVANIA AVENUE,40.65276890011525,-73.8862897546875,Other,Raised Crosswalk 
42529,382,1.0,166.0,199.73002410186453,0.4042406855150618,145 ST BRIDGE PED AND BIKE PATH & ESPLANADE GARDENS PLAZA & LENOX AVENUE & LENOX AVENUE LINE & WEST 145 STREET,40.82043825476988,-73.93622694413087,Other,Raised Crosswalk 
28866,332,2.0,168.0,197.4355024255758,0.3995963451196074,ROCKAWAY PARKWAY & SEAVIEW AVENUE,40.633802399544784,-73.88969542482253,Other,Raised Crosswalk 
25822,428,1.0,190.0,196.47070229895883,0.3976434935741672,CT BOUNDARY & FLATLANDS AVENUE & RALPH AVENUE,40.63206832777582,-73.91860224855726,Other,Raised Crosswalk 
33842,480,0.0,184.0,195.05101846588988,0.3947699121027729,LEFFERTS BOULEVARD & NORTH CONDUIT AVENUE & OLD SOUTH ROAD,40.666120876856006,-73.8222410407464,Other,Raised Crosswalk 
86923,279,1.0,105.0,194.79716124563373,0.3942560798060912,LONG ISLAND EXPRESSWAY & SPRINGFIELD BOULEVARD,40.74927490421336,-73.75681788275944,Other,Raised Crosswalk 
33698,504,1.0,176.0,192.51017503540635,0.389626991944439,COHANCY STREET & NORTH CONDUIT AVENUE,40.667115308299934,-73.83464965637184,Other,Raised Crosswalk 
97962,685,0.0,310.0,192.1576998986251,0.3889135471628694,MAJOR DEEGAN EXPRESSWAY & WEST FORDHAM ROAD,40.861872470369086,-73.9127896287565,Other,Raised Crosswalk 
25768,366,2.0,143.0,191.87438867724913,0.388340097034453,AVENUE V & FLATBUSH AVENUE,40.608204067536654,-73.92070952270471,Other,Raised Crosswalk 
44543,360,0.0,142.0,191.3858540141355,0.3873512542207524,10 AVENUE & IRT-1-BROADWAY/ 7 AVENUE LINE & WEST 207 STREET,40.86446291176298,-73.9189422567369,Other,Raised Crosswalk 
26588,427,2.0,199.0,189.9116456166467,0.3843673096006041,LINDEN BOULEVARD & ROCKAWAY PARKWAY,40.65413478168427,-73.91232824473752,Other,Raised Crosswalk 
27475,359,2.0,148.0,189.4671417206134,0.3834675894447138,BROADWAY & JAMAICA LINE & JEFFERSON STREET & MYRTLE AVENUE,40.69698654480577,-73.9352226444801,Driver Inattention/Distraction,Turn Calming
24093,567,0.0,192.0,189.4636243174015,0.3834604698702975,AMSTERDAM AVENUE & WEST 125 STREET,40.813389433380465,-73.95625889728764,Other,Raised Crosswalk 
87885,482,0.0,166.0,189.14736983050489,0.3828203392914862,QUEENS BOULEVARD & VAN WYCK EXPRESSWAY & VAN WYCK EXPRESSWAY SB EXIT 6,40.709794431404504,-73.82048703118181,Other,Raised Crosswalk 
47579,365,1.0,134.0,188.4116194824881,0.3813311073101215,BRONX RIVER AVENUE & BRUCKNER BOULEVARD & BRUCKNER BOULEVARD BIKE PATH & BRUCKNER EXPRESSWAY EXIT 51 WB,40.82324854763785,-73.88276030347953,Other,Raised Crosswalk 
85230,315,0.0,146.0,187.88250496571445,0.3802601268310667,BUSH STREET & GOWANUS EXPRESSWAY,40.6730516920808,-73.99950653809624,Other,Raised Crosswalk 
15852,448,1.0,154.0,187.7270584994375,0.3799454877016476,8 AVENUE LINE & JAY STREET & TILLARY STREET,40.696131626374566,-73.98710566072124,Other,Raised Crosswalk 
20673,546,1.0,184.0,186.82216840058763,0.3781139000191409,6 AVENUE LINE & CHRYSTIE STREET & DELANCEY STREET & NASSAU STREET LINE,40.71997215142069,-73.99289577917772,Driver Inattention/Distraction,Turn Calming
43300,320,0.0,159.0,186.5807539843428,0.3776252531970179,3 AVENUE & EAST 163 STREET,40.82406663489295,-73.90870859180431,Other,Raised Crosswalk 
45386,468,0.0,186.0,186.35556997194905,0.3771694583287547,65 PLACE & BROOKLYN QUEENS EP WB ET 39 W & QUEENS BOULEVARD,40.7408948357165,-73.89960577757512,Driver Inattention/Distraction,Turn Calming
55526,511,1.0,130.0,185.6034442484024,0.3756470809564137,NORTHERN BOULEVARD & UNION STREET,40.76394105932917,-73.82814743693764,Other,Raised Crosswalk 
48616,311,2.0,113.0,183.1038159079636,0.3705875842451429,BROADWAY & IRT-1-BROADWAY/ 7 AVENUE LINE & WEST 230 STREET,40.877104815447225,-73.90615158675756,Other,Raised Crosswalk 
9036157,257,1.0,128.0,181.56207417579213,0.3674669454296215,BUSHWICK AVENUE & EASTERN PARKWAY & VANDERVEER STREET,40.68151453447277,-73.90411635039487,Other,Raised Crosswalk 
43947,412,1.0,161.0,181.2635267989401,0.3668626558050782,CONCOURSE VILLAGE EAST & EAST 161 STREET & MORRIS AVENUE,40.825577162922336,-73.91845629681576,Other,Raised Crosswalk 
19030,356,0.0,148.0,180.58348587514016,0.3654861852467026,FULTON STREET & FULTON STREET LINE & NOSTRAND AVENUE,40.680390402659,-73.94955688679963,Driver Inattention/Distraction,Turn Calming
42968,411,0.0,170.0,180.3425679036103,0.364998543278126,BRUCKNER BOULEVARD & ST ANNS AVENUE,40.80359230557357,-73.91978018862831,Other,Raised Crosswalk 
59760,377,3.0,127.0,179.6734474000517,0.363644176737937,LONG ISLAND EXPRESSWAY,40.74467860950739,-73.77033743416871,Other,Raised Crosswalk 
38818,430,0.0,145.0,179.0639000553589,0.3624103922044748,NORTH CONDUIT AVENUE & SPRINGFIELD BOULEVARD,40.66645115657081,-73.75763129629583,Other,Raised Crosswalk 
32545,407,2.0,190.0,178.84780892828996,0.3619730022417141,ATLANTIC AVENUE & LIRR ATLANTIC LINE & WOODHAVEN BOULEVARD,40.68815044634332,-73.84883193627094,Driver Inattention/Distraction,Turn Calming
26215,396,0.0,191.0,178.24434588920997,0.360751532948778,CHURCH AVENUE & UTICA AVENUE,40.651734054238155,-73.93038144303041,Other,Raised Crosswalk 
95150,395,1.0,100.0,178.14419898444822,0.3605488256394197,BROOKLYN QUEENS EXPRESSWAY & MIDDAGH STREET,40.70082975871767,-73.99494340145785,Other,Raised Crosswalk 
44683,261,1.0,145.0,175.55732886552872,0.3553127428796682,AQUEDUCT WALK BIKE PATH & UNIVERSITY AVENUE & WEST 179 STREET & WEST BURNSIDE AVENUE,40.85482229385577,-73.91119580595806,Other,Raised Crosswalk 
42307,503,0.0,157.0,175.39599469597826,0.3549861864524383,31 STREET & ASTORIA BOULEVARD NORTH & ASTORIA LINE & HOYT AVENUE NORTH,40.77077252732941,-73.91725912508149,Other,Raised Crosswalk 
42941,415,2.0,169.0,174.36035338130398,0.3528899452869493,EAST 149 STREET & MORRIS AVENUE & WHITE PLAINS ROAD LINE,40.81738828466563,-73.92275882269371,Other,Raised Crosswalk 
26354,357,1.0,214.0,173.5802614408624,0.3513109615063204,2000 CB BOUNDARY & CHURCH AVENUE & KINGS HIGHWAY,40.65246345860053,-73.92284966955602,Other,Raised Crosswalk 
85036,171,0.0,110.0,173.20439302079768,0.3505501663895335,MAJOR DEEGAN EXPRESSWAY & WEST 230 STREET,40.87645525517902,-73.90442604140361,Other,Raised Crosswalk 
20860,335,0.0,146.0,172.9519119752575,0.350039119607537,CLINTON STREET & DELANCEY STREET & NASSAU STREET LINE & WILLIAMSBURG BR BIKE AND PED PTH & WILLIAMSBURG BRIDGE,40.71772367593658,-73.98576634166828,Other,Raised Crosswalk 
43206,190,1.0,137.0,172.9098305421303,0.3499539425957915,EAST 161 STREET & MELROSE AVENUE,40.82418798981335,-73.91384000340324,Other,Raised Crosswalk 
42469,405,1.0,166.0,172.56608274603795,0.3492581628209749,FREDERICK DOUGLASS BOULEVARD & WEST 145 STREET,40.822837498867806,-73.94191717601866,Other,Raised Crosswalk 
34796,315,0.0,107.0,172.37824723802177,0.3488779650452924,HILLSIDE AVENUE & VAN WYCK EXPRESSWAY,40.70402980034275,-73.81709738770842,Driver Inattention/Distraction,Turn Calming
42649,244,1.0,145.0,172.2146325161163,0.3485467925529646,1 AVENUE & EAST 125 STREET & FDR DRIVE ENTRANCE SOUTHBOUND & WILLIS AVENUE BRIDGE & WILLIS AVENUE BRIDGE BIKE PATH,40.80175450216375,-73.93120156171308,Other,Raised Crosswalk 
17369,394,0.0,169.0,171.91408154814746,0.3479384474604536,AVENUE I & OCEAN PARKWAY,40.626569985536385,-73.97092126349163,Other,Raised Crosswalk 
36537,376,1.0,131.0,171.53419679868486,0.3471695228929594,NORTH CONDUIT AVENUE & ROCKAWAY BOULEVARD,40.66752331007538,-73.78062532415572,Other,Raised Crosswalk 
65073,229,0.0,130.0,171.36743725444785,0.3468319849670244,MOSHOLU PARKWAY & PEDESTRIAN AND BIKE PATH LINK & SOUTHERN BOULEVARD,40.86804003998039,-73.87909532088882,Other,Raised Crosswalk 
18959,418,0.0,191.0,171.31084412264374,0.3467174348318658,EASTERN PARKWAY & EASTERN PARKWAY LINE & NOSTRAND AVENUE,40.66986535193453,-73.95050227512725,Other,Raised Crosswalk 
26263,279,1.0,197.0,171.05887623220434,0.3462074267269008,AVENUE D & KINGS HIGHWAY,40.64238453132885,-73.92538233141782,Other,Raised Crosswalk 
30221,361,0.0,169.0,170.80093621186393,0.3456853304362225,CYPRESS AVENUE & VERMONT PLACE,40.691436194692514,-73.8906247212655,Other,Raised Crosswalk 
36806,509,0.0,144.0,170.41902213559084,0.3449122983091534,FARMERS BOULEVARD & SOUTH CONDUIT AVENUE,40.66669583438529,-73.76712954224612,Other,Raised Crosswalk 
20585,757,0.0,139.0,168.7971657384582,0.3416294994327389,BOWERY & DELANCEY STREET & KENMARE STREET & NASSAU STREET LINE,40.72032097931009,-73.9940415527356,Driver Inattention/Distraction,Turn Calming
24276,453,3.0,199.0,168.37216028851813,0.3407692460736869,LENOX AVENUE & LENOX AVENUE LINE & WEST 125 STREET,40.807772627423866,-73.94548195226149,Other,Raised Crosswalk 
43069,343,1.0,167.0,168.2239342076094,0.3404692217233667,3 AVENUE & EAST 149 STREET & WHITE PLAINS ROAD LINE,40.816065917102314,-73.91764502936333,Driver Inattention/Distraction,Turn Calming
20770,536,0.0,145.0,168.02645926641893,0.3400695127749011,DELANCEY STREET & ESSEX STREET & HOUSTON/ESSEX STREET LINE & NASSAU STREET LINE,40.71855567933906,-73.98820173631997,Other,Raised Crosswalk 
18744,486,0.0,189.0,166.57915090289995,0.3371400165026138,ATLANTIC AVENUE & LIRR ATLANTIC LINE & VANDERBILT AVENUE,40.68176878345171,-73.96753196763888,Other,Raised Crosswalk 
41179,168,1.0,104.0,166.48470173617156,0.3369488419825007,54 AVENUE & 58 STREET & LONG ISLAND EXPRESSWAY,40.72996412310947,-73.91173061765873,Other,Raised Crosswalk 
29318,401,0.0,141.0,166.16231734411028,0.3362963038651289,FULTON STREET & FULTON STREET LINE & JAMAICA LINE & PENNSYLVANIA AVENUE,40.67720616676056,-73.8972416962567,Other,Raised Crosswalk 
12776,388,0.0,125.0,165.99700944540606,0.3359617042143287,BAY PARKWAY & CROPSEY AVENUE,40.59726856164177,-73.99865586669416,Driver Inattention/Distraction,Turn Calming
17372,337,0.0,143.0,165.42542033507786,0.3348047509276668,FOSTER AVENUE & OCEAN PARKWAY,40.62998801569937,-73.9715680275189,Other,Raised Crosswalk 
99881,347,2.0,135.0,165.24929919155818,0.3344482641924162,VAN WYCK EXPRESSWAY,40.70315043350381,-73.81679840832841,Driver Inattention/Distraction,Turn Calming
105696,385,0.0,173.0,165.00345203865163,0.3339506450698119,ATLANTIC AVENUE & LIRR ATLANTIC LINE & UNDERHILL AVENUE & WASHINGTON AVENUE,40.68111907844071,-73.96442177079909,Other,Raised Crosswalk 
18773,349,1.0,176.0,164.51878776484878,0.3329696363095473,EASTERN PARKWAY & EASTERN PARKWAY LINE & WASHINGTON AVENUE,40.671622245123295,-73.96257123155107,Other,Raised Crosswalk 
31823,249,0.0,127.0,164.38804753829106,0.3327050050699354,CROSS BAY BOULEVARD & NORTH CONDUIT AVENUE,40.66928855674755,-73.84243585476469,Other,Raised Crosswalk 
55647,479,4.0,143.0,164.2061449604823,0.3323368161358823,NORTHERN BOULEVARD & PARSONS BOULEVARD,40.764651790526905,-73.82348245154587,Other,Raised Crosswalk 
49787,462,0.0,110.0,163.9895493748197,0.3318984050986864,59 AVENUE & QUEENS BOULEVARD & QUEENS BOULEVARD LINE & WOODHAVEN BOULEVARD,40.7334974348082,-73.87036852459433,Other,Raised Crosswalk 
42452,322,1.0,155.0,163.71730105638557,0.331347347387633,LENOX AVENUE & LENOX AVENUE LINE & WEST 135 STREET,40.81410594189243,-73.94085555190495,Other,Raised Crosswalk 
47961,298,0.0,118.0,163.4292612545087,0.3307643261413404,3 AVENUE & CROSS BRONX EXPRESSWAY,40.843997248046975,-73.89751786901587,Other,Raised Crosswalk 
24215,377,0.0,184.0,163.3520273761405,0.3306079970794231,ADAM CLAYTON POWELL JR BOULEVARD & WEST 125 STREET,40.80897227445277,-73.94832657221569,Driver Inattention/Distraction,Turn Calming
47975,320,0.0,155.0,163.2825983813287,0.3304674658791505,3 AVENUE & EAST TREMONT AVENUE,40.84665832060432,-73.8961771308695,Other,Raised Crosswalk 
7571,286,0.0,132.0,163.11582475821808,0.3301298994561731,HYLAN BOULEVARD & MIDLAND AVENUE,40.57794424558059,-74.10231607335747,Other,Raised Crosswalk 
22814,957,1.0,133.0,162.6569950973311,0.3292011825254459,2 AVENUE & 2 AVENUE LINE & EAST 59 STREET & ED KOCH QBORO BRG LOWER LVL EN,40.76059923069053,-73.9643135359207,Driver Inattention/Distraction,Turn Calming
43961,240,0.0,176.0,162.0340419278988,0.3279402632675592,CONCOURSE LINE & EAST 165 STREET & GRAND CONCOURSE,40.830912594084566,-73.92046219372429,Other,Raised Crosswalk 
29480,320,1.0,187.0,162.0321455426755,0.3279364247949969,LINDEN BOULEVARD & VAN SICLEN AVENUE,40.66065578286267,-73.88578677102643,Other,Raised Crosswalk 
82080,369,1.0,147.0,161.83455743426967,0.3275364867848166,CROSS ISLAND PARKWAY & LONG ISLAND EXPRESSWAY,40.753765712360334,-73.74436822665675,Other,Raised Crosswalk 
26412,276,0.0,157.0,161.0864275563418,0.3260221974019738,CLARENDON ROAD & DITMAS AVENUE & RALPH AVENUE,40.645032376561296,-73.91997852264257,Other,Raised Crosswalk 
39249,424,1.0,197.0,160.9374284582534,0.3257206083878933,BROOKVILLE BOULEVARD & BROOKVILLE PARK GREENWAY & SOUTH CONDUIT AVENUE,40.665256021062625,-73.73954958291942,Other,Raised Crosswalk 
84937,140,0.0,125.0,160.935687000547,0.3257170835040552,BRUCKNER EXPRESSWAY & EAST TREMONT AVENUE,40.833178122860424,-73.82830296060318,Other,Raised Crosswalk 
44192,422,1.0,157.0,160.90576166392512,0.3256565116423218,EAST 174 STREET & FEATHERBED LANE & JEROME AVENUE & JEROME AVENUE LINE,40.84542943037161,-73.91397534915373,Other,Raised Crosswalk 
42527,405,0.0,167.0,160.50874382084456,0.3248529079869762,ADAM CLAYTON POWELL JR BOULEVARD & WEST 145 STREET,40.821637391848235,-73.93907683257187,Other,Raised Crosswalk 
26204,276,1.0,218.0,160.38608980119093,0.324604644035483,CLARENDON ROAD & UTICA AVENUE,40.6444327191309,-73.92959986352368,Other,Raised Crosswalk 
41454,512,2.0,197.0,160.27706659514195,0.3243839702082852,BIKE PATH & FLUSHING LINE & QUEENS BOULEVARD & SKILLMAN AVENUE,40.74603455699164,-73.934399873219,Driver Inattention/Distraction,Turn Calming
9065302,195,0.0,169.0,160.02731830146203,0.3238784547882218,BRONX RIVER PARKWAY EXIT 9 NB & BRONX RIVER SHORELINE,40.87634503946718,-73.87055387209361,Other,Raised Crosswalk 
36317,271,1.0,97.0,159.14486747469633,0.3220922864272504,150 STREET & NORTH CONDUIT AVENUE,40.66684115838772,-73.78940999472195,Driver Inattention/Distraction,Turn Calming
26224,242,0.0,153.0,158.75338149114145,0.3212998798065297,LENOX ROAD & UTICA AVENUE,40.65533560921356,-73.93076711625883,Other,Raised Crosswalk 
47802,263,0.0,150.0,158.6692763952299,0.3211296427159666,CONCOURSE LINE & EAST TREMONT AVENUE & GRAND CONCOURSE,40.8494530208057,-73.90600085704628,Other,Raised Crosswalk 
36580,322,0.0,141.0,158.34182317373313,0.3204668447829878,BAISLEY BOULEVARD & GUY R BREWER BOULEVARD,40.67836454941066,-73.7794781740262,Other,Raised Crosswalk 
44625,427,0.0,186.0,158.02429197511253,0.3198241300124933,9 AVENUE & UNIV HEIGHTS BR BIKE AND PED PTH & UNIVERSITY HEIGHTS BRIDGE & WEST 207 STREET,40.863690613262754,-73.91706346728068,Other,Raised Crosswalk 
44137,309,1.0,130.0,157.8610080014036,0.3194936269874562,UNIVERSITY AVENUE & WEST TREMONT AVENUE,40.8504785656194,-73.91542656754277,Other,Raised Crosswalk 
47899,358,0.0,152.0,157.4748715726781,0.3187120483984986,EAST TREMONT AVENUE & WEBSTER AVENUE,40.84770085384616,-73.90096123405212,Other,Raised Crosswalk 
52389,118,0.0,58.0,156.86829769076098,0.3174842824498361,CROSS BRONX EP NB EN HARROD AV & CROSS BRONX EXPRESSWAY & ROSEDALE AVENUE,40.835968473027975,-73.86999247880466,Other,Raised Crosswalk 
38773,280,0.0,118.0,156.7705603818573,0.317286452402478,FARMERS BOULEVARD & MERRICK BOULEVARD,40.67972794060002,-73.76161350230852,Other,Raised Crosswalk 
26908,245,2.0,148.0,156.4246651458285,0.3165863259953559,BUFFALO AVENUE & EAST NEW YORK AVENUE & ROCKAWAY PARKWAY,40.66591675221402,-73.92546270194639,Other,Raised Crosswalk 
15975,517,2.0,162.0,155.7110711365913,0.3151419406503392,FLATBUSH AVENUE EXTENSION & MANHATTAN BRIDGE LINE & MYRTLE AVENUE,40.693650149673594,-73.98332265186993,Other,Raised Crosswalk 
44189,185,1.0,119.0,155.12760454098952,0.3139609461505467,CONCOURSE LINE & EAST MOUNT EDEN AVENUE & GRAND CONCOURSE & MOUNT EDEN PARKWAY,40.84317571340364,-73.9119464820091,Other,Raised Crosswalk 
29791,220,0.0,132.0,155.12582154599383,0.3139573371910983,2010 CB BOUNDARY & FOUNTAIN AVENUE & LINDEN BOULEVARD,40.66670665958219,-73.87182050927777,Other,Raised Crosswalk 
48656,279,0.0,151.0,155.11545973855775,0.3139363638608645,CONCOURSE LINE & EAST 183 STREET & GRAND CONCOURSE,40.85742242163765,-73.89995670051411,Other,Raised Crosswalk 
40820,307,0.0,101.0,155.1118200137257,0.3139289966953064,BORDEN AVENUE & GREENPOINT AVENUE,40.73715176287227,-73.93081356240299,Driver Inattention/Distraction,Turn Calming
105118,235,0.0,119.0,155.09222057770194,0.3138893254847906,BELT PARKWAY & DISTRICT BOUNDARY,40.66553353086081,-73.74481536152447,Other,Raised Crosswalk 
44749,331,0.0,169.0,155.07590551180857,0.3138563021665251,EAST BURNSIDE AVENUE & JEROME AVENUE & JEROME AVENUE LINE & WEST BURNSIDE AVENUE,40.85381641439469,-73.90733289687006,Other,Raised Crosswalk 
21409,743,0.0,138.0,154.94543438360046,0.3135922156087735,8 AVENUE & 8 AVENUE LINE & WEST 42 STREET,40.75723313094911,-73.98979085328416,Other,Raised Crosswalk 
22816,589,0.0,84.0,154.82981737745834,0.3133581952734783,2 AVENUE & 2 AVENUE LINE & ASTORIA LINE & EAST 60 STREET & QUEENSBORO BRIDGE EXIT,40.76123328590515,-73.96388310413907,Driver Inattention/Distraction,Turn Calming
9045741,268,0.0,160.0,154.6263684864269,0.3129463944555597,BELT PARKWAY & BELT PARKWAY EXIT 23 A SB,40.66736064995177,-73.7392060748809,Other,Raised Crosswalk 
26197,197,2.0,133.0,154.43445398146406,0.3125579403838098,AVENUE D & UTICA AVENUE,40.64213431861134,-73.92935451306339,Other,Raised Crosswalk 
26301,157,0.0,114.0,154.26116392007123,0.3122071840407452,2010 CB BOUNDARY & EAST 54 STREET & REMSEN AVENUE & WINTHROP STREET,40.659337563591585,-73.92725505331235,Driver Inattention/Distraction,Turn Calming
103618,198,1.0,132.0,154.05467150686968,0.311789222830835,HEMPSTEAD AVENUE,40.71134946830214,-73.72848793381998,Other,Raised Crosswalk 
35239,322,0.0,138.0,153.94195742216814,0.3115610782976517,HILLSIDE AVENUE & PARSONS BOULEVARD & QUEENS BOULEVARD LINE,40.70771580250691,-73.80278721431824,Driver Inattention/Distraction,Turn Calming
79898,565,0.0,187.0,153.77022357676856,0.3112134718907486,BROOKLYN QUEENS EP EB ET 28 B & BROOKLYN QUEENS EXPRESSWAY,40.70142919946304,-73.98957074695026,Other,Raised Crosswalk 
9009109,452,0.0,158.0,153.75895999306138,0.3111906732755298,LONG ISLAND EXPRESSWAY,40.737653859463755,-73.85087606287432,Other,Raised Crosswalk 
49572,90,0.0,100.0,153.23257086846368,0.3101252092616743,MOSHOLU PARKWAY & VAN CORTLANDT PARK SOUTH & WEST GUN HILL ROAD,40.88434957567888,-73.88705142665061,Other,Raised Crosswalk 
42914,382,0.0,155.0,152.6743315689362,0.3089952773216461,EAST 135 STREET & WILLIS AVENUE & WILLIS AVENUE BRIDGE & WILLIS AVENUE BRIDGE BIKE PATH,40.80718671782002,-73.92427980845117,Other,Raised Crosswalk 
19492,364,1.0,88.0,152.23219523648172,0.3081003493502365,WILLIAMSBURG ST WEST & WYTHE AVENUE,40.70166274615677,-73.96145278111901,Other,Raised Crosswalk 
94065,239,1.0,107.0,151.53242353167414,0.3066839417260164,2010 CB BOUNDARY & BROOKLYN QUEENS EXPRESSWAY,40.71517705089316,-73.95199042458033,Other,Raised Crosswalk 
26753,368,1.0,200.0,151.42731772503268,0.3064711971053723,ALBANY AVENUE & EASTERN PARKWAY & EASTERN PARKWAY LINE,40.66924868462057,-73.93942695659292,Other,Raised Crosswalk 
32378,455,1.0,190.0,151.17541233186677,0.3059613155011132,METROPOLITAN AVENUE & WOODHAVEN BOULEVARD,40.71184505950597,-73.85975932858281,Other,Raised Crosswalk 
27326,313,2.0,128.0,150.69345437370674,0.304985784593245,BROADWAY & DISTRICT BOUNDARY & FLUSHING AVENUE & JAMAICA LINE,40.700725233174616,-73.94193078876182,Other,Raised Crosswalk 
13784,555,1.0,104.0,150.02657705576638,0.3036359584841571,65 STREET & 7 AVENUE,40.63396164937717,-74.01475422594002,Other,Raised Crosswalk 
36541,382,2.0,142.0,149.94137337129894,0.3034634977409429,ROCKAWAY BOULEVARD & SOUTH CONDUIT AVENUE,40.666752320044935,-73.7799358553637,Other,Raised Crosswalk 
16594,366,1.0,131.0,149.37794390904767,0.3023230603946481,AVENUE Z & OCEAN PARKWAY,40.58666882398349,-73.96615022838414,Driver Inattention/Distraction,Turn Calming
42850,249,1.0,121.0,149.01033558161137,0.3015789845280041,EAST 144 STREET & GRAND CONCOURSE & JEROME AVENUE LINE,40.816535646412625,-73.92821698992996,Driver Inattention/Distraction,Turn Calming
32432,449,0.0,172.0,148.9954163809853,0.3015487865800607,MYRTLE AVENUE & WOODHAVEN BOULEVARD,40.70259550034175,-73.85529275912725,Other,Raised Crosswalk 
22813,430,1.0,129.0,148.5460740775818,0.3006392730057725,2 AVENUE & 2 AVENUE LINE & EAST 58 STREET,40.75998213868684,-73.96480079489702,Driver Inattention/Distraction,Turn Calming
44768,101,0.0,69.0,148.37090694104373,0.3002847172756667,SEDGWICK AVENUE & WEBB AVENUE & WEST FORDHAM ROAD,40.863154799246544,-73.90906438738858,Other,Raised Crosswalk 
23799,680,0.0,113.0,147.9292910967925,0.2993908428242185,1 AVENUE & EAST 96 STREET,40.78324757151195,-73.94472264516065,Other,Raised Crosswalk 
86841,259,0.0,109.0,147.6042741797499,0.2987329762140985,188 STREET & GRAND CENTRAL PARKWAY,40.722290023583874,-73.77723195561265,Other,Raised Crosswalk 
17365,505,1.0,175.0,147.1667407420388,0.2978473649600743,AVENUE J & OCEAN PARKWAY,40.624170030295275,-73.97047172019371,Other,Raised Crosswalk 
68566,177,0.0,109.0,146.67085493189424,0.2968436426926464,3 AVENUE & EAST 138 STREET & MORRIS AVENUE & PELHAM LINE,40.81107965221585,-73.92729432401532,Other,Raised Crosswalk 
84638,245,0.0,100.0,146.45512625907486,0.2964069863733854,BROOK AVENUE & MAJOR DEEGAN EXPRESSWAY,40.80540731300512,-73.92079433520092,Other,Raised Crosswalk 
45430,335,2.0,108.0,145.64345028070957,0.29476407335439,69 STREET & BORDEN AVENUE & GRAND AVENUE,40.72592049723134,-73.8953407013442,Other,Raised Crosswalk 
21460,543,1.0,120.0,145.62242290386183,0.2947215118494308,42 STREET SHUTTLE LINE & 6 AVENUE LINE & AVENUE OF THE AMERICAS & WEST 42 STREET,40.75484205339555,-73.98411754799183,Other,Raised Crosswalk 
53367,418,1.0,114.0,145.616767702253,0.2947100651581453,ALLERTON AVENUE & BRONX PARK EAST & DISTRICT BOUNDARY & MOSHOLU PARKWAY GREENWAY & SOUTHERN BOULEVARD,40.86536107971172,-73.870421276192,Other,Raised Crosswalk 
24327,301,1.0,129.0,145.005897079798,0.2934736021787008,BROADWAY & IRT-1-BROADWAY/ 7 AVENUE LINE & WEST 145 STREET,40.82642864164178,-73.9504499353836,Other,Raised Crosswalk 
85638,455,0.0,125.0,144.511606409308,0.2924731086328014,ATLANTIC AVENUE & BROOKLYN QUEENS EXPRESSWAY,40.691536973668654,-73.99910057396599,Other,Raised Crosswalk 
41777,201,1.0,90.0,144.3536109327853,0.2921533100527765,34 AVENUE & 48 STREET & NORTHERN BOULEVARD & QUEENS BOULEVARD LINE,40.75367641197574,-73.91446450887071,Other,Raised Crosswalk 
42516,238,0.0,100.0,144.11577612299266,0.2916719087106233,EAST 135 STREET & HARLEM RIVER DRIVE EXIT 21 NB & HARLEM RIVER DRIVE GREENWAY & MADISON AVE BRDG PED & BIKE PATH & MADISON AVENUE & MADISON AVENUE BRIDGE,40.812060811267386,-73.93603495317447,Other,Raised Crosswalk 
85568,318,0.0,122.0,143.8726178882673,0.2911797322262203,BROOKLYN QUEENS EXPRESSWAY & METROPOLITAN AVENUE,40.71406284650523,-73.95303149423187,Other,Raised Crosswalk 
18956,349,2.0,126.0,143.84405471600962,0.2911219175208245,EASTERN PARKWAY & EASTERN PARKWAY LINE & ROGERS AVENUE,40.6700072051728,-73.95327019763059,Driver Inattention/Distraction,Turn Calming
12182,288,0.0,86.0,143.71647912198182,0.2908636918126344,6 AVENUE & 65 STREET & GOWANUS EXPWY EB EN 6 AVE,40.635521474563795,-74.01669546340926,Other,Raised Crosswalk 
3103,228,0.0,118.0,142.84702098486653,0.2891038219495209,FOREST HILL ROAD & RICHMOND AVENUE,40.57083444792965,-74.16982860151475,Driver Inattention/Distraction,Turn Calming
42513,290,3.0,125.0,142.3411577164203,0.2880799043127865,5 AVENUE & EAST 135 STREET & WEST 135 STREET,40.812740364321144,-73.93761714897482,Other,Raised Crosswalk 
26357,379,0.0,164.0,141.99530035659842,0.2873798545708795,2020 CB BOUNDARY & KINGS HIGHWAY & LINDEN BOULEVARD,40.65431616759938,-73.92215814827661,Other,Raised Crosswalk 
17839,384,0.0,177.0,141.76988893908083,0.2869235994119974,AVENUE H & FLATBUSH AVENUE,40.63170816202386,-73.9464796186292,Other,Raised Crosswalk 
78053,101,0.0,61.0,141.76137503238672,0.2869063664169069,BOWERY & CANAL STREET,40.71664465905742,-73.99580912434084,Other,Raised Crosswalk 
92912,299,0.0,101.0,141.74571104410384,0.2868746609445691,ALLEN STREET & DELANCEY STREET & NASSAU STREET LINE,40.71920481497331,-73.99036354341001,Other,Raised Crosswalk 
27429,298,0.0,159.0,141.5230113398293,0.2864238945633637,BUSHWICK AVENUE & DISTRICT BOUNDARY & FLUSHING AVENUE,40.70191027696802,-73.93698073968929,Other,Raised Crosswalk 
30986,368,2.0,106.0,141.344296747058,0.2860621584285334,ERSKINE STREET & GATEWAY DRIVE & SEAVIEW AVENUE & SPRING CREEK GREENWAY,40.65290231908645,-73.8667207164344,Other,Raised Crosswalk 
16626,210,0.0,112.0,140.9063732868454,0.2851757577301219,AVENUE S & OCEAN PARKWAY,40.60246763270213,-73.96636900640651,Other,Raised Crosswalk 
7567,275,0.0,107.0,140.89526713852388,0.2851532777798035,HYLAN BOULEVARD & LINCOLN AVENUE,40.57650392201716,-74.10368897544164,Other,Raised Crosswalk 
105988,314,2.0,106.0,140.7734204283849,0.2849066479031719,CROSS BRONX EXPRESSWAY,40.83608649599427,-73.87045229953614,Other,Raised Crosswalk 
21288,692,0.0,71.0,140.73541129483604,0.2848297136313533,10 AVENUE & FLUSHING LINE & WEST 41 STREET,40.75899645238692,-73.99593149786939,Other,Raised Crosswalk 
45500,312,0.0,149.0,140.31490219900397,0.2839785613408299,69 STREET & QUEENS BOULEVARD,40.7402720422526,-73.89585115114083,Driver Inattention/Distraction,Turn Calming
16046,473,0.0,125.0,140.303921101125,0.2839563345050616,4 AVENUE LINE & DEKALB AVENUE & FLATBUSH AVENUE EXTENSION & UNIVERSITY PLAZA,40.68993121004963,-73.98147315193462,Other,Raised Crosswalk 
19482,416,0.0,93.0,140.09244329494985,0.2835282823632531,CLASSON AVENUE & FLUSHING AVENUE,40.69818833147006,-73.96189837774659,Other,Raised Crosswalk 
19022,308,0.0,131.0,139.82683915917713,0.282990673139633,ATLANTIC AVENUE & LIRR ATLANTIC LINE & NOSTRAND AVENUE,40.67845668080149,-73.94967567482,Other,Raised Crosswalk 
62560,85,0.0,58.0,139.77367572272522,0.2828830650494475,CROSS ISLAND PARKWAY & JAMAICA AVENUE & JERICHO TURNPIKE,40.72433644722588,-73.72463422546411,Other,Raised Crosswalk 
27195,339,1.0,158.0,139.72344087966366,0.2827813847239569,CT BOUNDARY & EASTERN PARKWAY & ROCKAWAY AVENUE & ST MARKS AVENUE,40.67307848491587,-73.91123038385574,Other,Raised Crosswalk 
43755,253,1.0,110.0,139.64361309040157,0.2826198053280502,EAST 161 STREET & JEROME AVENUE LINE & RIVER AVENUE,40.82781155472049,-73.9259278547903,Other,Raised Crosswalk 
48263,356,1.0,122.0,139.4051567993822,0.2821371460459976,BRONX RIVER AVENUE & CLOSE AVENUE & PELHAM LINE & WESTCHESTER AVENUE & WESTCHESTER AVENUE BRIDGE,40.82830386657799,-73.88295104480628,Other,Raised Crosswalk 
20778,382,1.0,142.0,139.35873904716556,0.28204319189254,1 AVENUE & ALLEN STREET & EAST HOUSTON STREET,40.722933719087635,-73.98863862751564,Other,Raised Crosswalk 
29297,338,0.0,127.0,139.33552423156112,0.2819962027936795,FULTON STREET LINE & LIBERTY AVENUE & PENNSYLVANIA AVENUE,40.674397047293226,-73.89650977907911,Other,Raised Crosswalk 
18243,388,0.0,182.0,138.41402794261933,0.2801310025285349,CHURCH AVENUE & FLATBUSH AVENUE,40.65038727348174,-73.95870789894543,Other,Raised Crosswalk 
18762,491,0.0,213.0,137.25590007896932,0.277786836388884,BRIGHTON LINE & EMPIRE BOULEVARD & FLATBUSH AVENUE & OCEAN AVENUE,40.66308961226447,-73.96238822251513,Other,Raised Crosswalk 
27560,247,0.0,105.0,137.02329777495552,0.277316026159558,BUSHWICK AVENUE & MYRTLE AVENUE & MYRTLE AVENUE LINE,40.6973165888029,-73.93226890566345,Other,Raised Crosswalk 
26704,373,0.0,130.0,136.9063622690852,0.277079337049497,EASTERN PARKWAY & EASTERN PARKWAY LINE & KINGSTON AVENUE,40.66940330422314,-73.94219628443399,Driver Inattention/Distraction,Turn Calming
24312,314,0.0,105.0,136.34410133466895,0.2759412649199196,8 AVENUE LINE & DISTRICT BOUNDARY & ST NICHOLAS AVENUE & WEST 145 STREET,40.82403155584861,-73.94475648887362,Other,Raised Crosswalk 
18181,386,0.0,155.0,136.1271886757386,0.2755022120948511,EAST DRIVE & OCEAN AVENUE & PARKSIDE AVENUE,40.6548811910675,-73.96188086388487,Other,Raised Crosswalk 
18976,231,2.0,105.0,135.909817164586,0.2750622305071853,BEDFORD AVENUE & FULTON STREET & FULTON STREET LINE,40.68064050813876,-73.95337017511612,Other,Raised Crosswalk 
12152,73,0.0,65.0,135.8148221862308,0.2748699512099795,3 AVENUE & 60 STREET & GOWANUS EXPRESSWAY,40.6420405353544,-74.02039591094875,Other,Raised Crosswalk 
29340,306,0.0,141.0,135.36613155628768,0.2739617566876783,NEW LOTS AVENUE & PENNSYLVANIA AVENUE,40.66183583718586,-73.8931012803027,Other,Raised Crosswalk 
23830,189,2.0,86.0,135.21374081015324,0.2736533026401618,3 AVENUE & EAST 106 STREET,40.791569539789265,-73.94467601946228,Other,Raised Crosswalk 
25350,266,0.0,102.0,135.0366244635983,0.2732948015148506,BELT PARKWAY & BELT PARKWAY EXIT 11 SOUTH EB,40.592946006276904,-73.90809698537696,Other,Raised Crosswalk 
26502,289,0.0,130.0,134.97406539542334,0.2731681757303006,DITMAS AVENUE & REMSEN AVENUE,40.64810117461664,-73.91473216874205,Driver Inattention/Distraction,Turn Calming
18688,41,0.0,42.0,134.8508641521391,0.2729188041436785,EASTERN PARKWAY LINE & FLATBUSH AVENUE & GRAND ARMY PLAZA,40.67485465920168,-73.97078154364429,Other,Raised Crosswalk 
31394,240,0.0,173.0,134.504996006133,0.2722187325694604,DREW STREET & LINDEN BOULEVARD,40.6697245082833,-73.8609639883703,Other,Raised Crosswalk 
19071,240,1.0,106.0,134.1888280486492,0.2715787771347985,ATLANTIC AVENUE & BROOKLYN AVENUE & LIRR ATLANTIC LINE,40.67815635872096,-73.9441512021572,Other,Raised Crosswalk 
15534,456,1.0,97.0,134.1884343371482,0.2715779802235089,ATLANTIC AVENUE & HICKS STREET,40.69119469757424,-73.99776924512109,Other,Raised Crosswalk 
43135,598,2.0,193.0,133.7185488799671,0.2706268852599814,BRUCKNER BOULEVARD & EAST 138 STREET,40.80472449985751,-73.91248551690211,Other,Raised Crosswalk 
84721,196,0.0,103.0,133.6826007585693,0.2705541226820229,BARRETTO STREET & BRUCKNER BOULEVARD,40.81879823572577,-73.89212084856065,Other,Raised Crosswalk 
17927,218,0.0,98.0,133.539808614136,0.2702650971603212,CORTELYOU ROAD & OCEAN PARKWAY,40.638523437841265,-73.97318565512435,Other,Raised Crosswalk 
95243,271,0.0,112.0,132.5612340151321,0.2682843647109026,BELT PARKWAY & ROCKAWAY PARKWAY,40.63042934046779,-73.8859305409313,Other,Raised Crosswalk 
55441,229,0.0,92.0,132.4689155767981,0.2680975029972695,NORTHERN BOULEVARD & PRINCE STREET,40.762746435295426,-73.83328656094476,Other,Raised Crosswalk 
16538,275,2.0,93.0,132.24347005149596,0.2676411788008344,NEPTUNE AVENUE & OCEAN PARKWAY,40.58037847020071,-73.96759867837734,Driver Inattention/Distraction,Turn Calming
23746,202,0.0,97.0,131.57374426580506,0.2662855871093266,EAST 106 STREET & METRO NORTH-CONNECTING RAIL LINE & PARK AVENUE,40.79293256349398,-73.94790156845997,Other,Raised Crosswalk 
29830,252,1.0,166.0,131.56206954822005,0.2662619563181922,ATLANTIC AVENUE & CRESCENT STREET & LIRR ATLANTIC LINE,40.68168445628051,-73.87156150419129,Other,Raised Crosswalk 
22663,272,0.0,120.0,131.40161145846653,0.2659371731637244,1 AVENUE & EAST 42 STREET & FDR DRIVE EXIT 9 NORTHBOUND & FLUSHING LINE,40.7488006529605,-73.96984501519664,Other,Raised Crosswalk 
15093,265,0.0,99.0,131.35166900942744,0.2658360846728563,CROSSTOWN LINE & EASTERN PARKWAY LINE & FLATBUSH AVENUE & FULTON STREET LINE & LAFAYETTE AVENUE,40.686682000339296,-73.97936297639482,Other,Raised Crosswalk 
52821,71,0.0,54.0,130.9956240468949,0.2651154142084297,CASTLE HILL AVENUE & CROSS BRONX EXPRESSWAY,40.83029301543458,-73.8506492431318,Other,Raised Crosswalk 
54215,415,0.0,136.0,130.92448875293852,0.2649714292887499,BRONX BOULEVARD & EAST 233 STREET,40.89466231918946,-73.86135927938976,Driver Inattention/Distraction,Turn Calming
39325,359,1.0,151.0,130.7553283702744,0.2646290318267271,FRANCIS LEWIS BOULEVARD & SUNRISE HIGHWAY,40.665613559628405,-73.73567089854056,Other,Raised Crosswalk 
50578,235,0.0,185.0,130.58384537340143,0.2642819331622251,69 ROAD & GRAND CENTRAL PARKWAY,40.72644758216395,-73.83794985057925,Other,Raised Crosswalk 
9030258,264,0.0,93.0,130.52133430039476,0.2641554045246758,CROSS ISLAND PARKWAY,40.7620240225053,-73.75680310381797,Other,Raised Crosswalk 
9062668,277,0.0,94.0,130.5197659889111,0.2641522301060371,ALEXANDER HAMILTON BRIDGE & MAJOR DEEGAN ENTRANCE NORTHBOUND,40.84495334102616,-73.92651528858121,Other,Raised Crosswalk 
58298,426,1.0,127.0,130.20168240396492,0.2635083972506047,BOSTON ROAD & CONNER STREET & PROVOST AVENUE,40.88599054206363,-73.82791367770587,Other,Raised Crosswalk 
41364,299,0.0,120.0,129.99148902292183,0.2630829449131858,SKILLMAN AVENUE & THOMSON AVENUE,40.74523857376825,-73.93769681496373,Driver Inattention/Distraction,Turn Calming
96888,215,0.0,92.0,129.924836637868,0.2629480338475994,GRAND CENTRAL PARKWAY & LONG ISLAND EXPRESSWAY,40.73998984614904,-73.84562308243927,Other,Raised Crosswalk 
12842,246,2.0,89.0,129.8731122411509,0.2628433385171582,86 STREET & BAY PARKWAY & WEST END LINE,40.60195048828327,-73.99381109362389,Other,Raised Crosswalk 
42016,256,0.0,126.0,129.6675981796947,0.2624273575886194,3 AVENUE & EAST 116 STREET,40.797946399344845,-73.94002175067322,Other,Raised Crosswalk 
39500,302,0.0,143.0,129.62933752144988,0.2623499142057656,HOOK CREEK BOULEVARD & SUNRISE HIGHWAY,40.66555780183316,-73.72984150811297,Other,Raised Crosswalk 
26865,249,2.0,122.0,129.5179318912868,0.2621244181148835,ST JOHNS PLACE & UTICA AVENUE,40.67058280450158,-73.93095113065053,Other,Raised Crosswalk 
61748,226,0.0,70.0,129.49200173533697,0.2620719328967299,CROSS ISLAND PARKWAY & NORTHERN BOULEVARD,40.76226059969359,-73.75698289373273,Other,Raised Crosswalk 
8887,307,0.0,112.0,129.26790568927606,0.2616183401806803,CLOVE ROAD & VICTORY BOULEVARD,40.61641607530774,-74.10350925342465,Driver Inattention/Distraction,Turn Calming
19005,225,1.0,100.0,128.97985784106248,0.2610353026478008,NOSTRAND AVENUE & ST JOHNS PLACE,40.67163825842535,-73.95033415061998,Other,Raised Crosswalk 
61220,190,0.0,86.0,128.9498190613769,0.260974501166008,212 STREET & JAMAICA AVENUE,40.71576011822563,-73.74654181361991,Other,Raised Crosswalk 
36400,244,0.0,150.0,128.92760830582623,0.2609295443846957,BAISLEY BOULEVARD & ROCKAWAY BOULEVARD,40.67237942953347,-73.7857470008254,Driver Inattention/Distraction,Turn Calming
40660,160,1.0,61.0,128.08502465653237,0.2592240711614946,APOLLO STREET & BROOKLYN QUEENS EXPWY WB ET 34 & MEEKER AVENUE & VANDERVOORT AVENUE,40.724201202180446,-73.93764599970497,Other,Raised Crosswalk 
98309,189,0.0,98.0,127.96407392071168,0.2589792548261176,VAN WYCK EXPRESSWAY,40.72955019489975,-73.83380222188299,Other,Raised Crosswalk 
21147,371,0.0,93.0,127.78052981855376,0.2586077432832944,11 AVENUE & AMTRAK-NORTHEAST LINE & FLUSHING LINE & WEST 34 STREET,40.755781249644734,-74.00198507565041,Other,Raised Crosswalk 
19058,343,1.0,155.0,127.670994032465,0.2583860319430456,BROOKLYN AVENUE & EASTERN PARKWAY & EASTERN PARKWAY LINE,40.66955587467518,-73.94496468533696,Driver Inattention/Distraction,Turn Calming
41943,198,1.0,89.0,127.67058886514096,0.2583852118440291,ASTORIA BOULEVARD NORTH & STEINWAY STREET,40.76942732408238,-73.91024079214637,Other,Raised Crosswalk 
55425,278,0.0,90.0,127.66103876511964,0.2583658814904447,COLLEGE POINT BOULEVARD & ROOSEVELT AVENUE,40.75829051023266,-73.83430717313634,Other,Raised Crosswalk 
18907,295,0.0,119.0,127.21682745170968,0.2574667535509238,ATLANTIC AVENUE & FRANKLIN AVENUE & LIRR ATLANTIC LINE,40.6792031500005,-73.95529361555194,Other,Raised Crosswalk 
3088,322,1.0,102.0,127.11645555215073,0.2572635908296876,ARTHUR KILL ROAD & NEW SPRINGVILLE GREENWAY & RICHMOND AVENUE,40.561090421019294,-74.16982582325956,Other,Raised Crosswalk 
21392,296,1.0,112.0,126.7655811933128,0.2565533861821046,6 AVENUE LINE & AVENUE OF THE AMERICAS & WEST 34 STREET,40.74978702881964,-73.98776905961147,Other,Raised Crosswalk 
22749,615,0.0,109.0,126.70419606896225,0.2564291365767741,2 AVENUE & 2 AVENUE LINE & EAST 57 STREET,40.759307837013246,-73.96529307464739,Driver Inattention/Distraction,Turn Calming
16333,253,0.0,112.0,126.63241060804148,0.256283835654405,NEPTUNE AVENUE & SHELL ROAD & WEST 8 STREET,40.57982711433013,-73.97621147496253,Other,Raised Crosswalk 
59101,90,0.0,59.0,126.28980532528576,0.2555903684403702,FRANCIS LEWIS BOULEVARD & GRAND CENTRAL PARKWAY,40.726329475253614,-73.76618933191952,Other,Raised Crosswalk 
24290,289,0.0,119.0,126.23011459303817,0.2554695484534088,ADAM CLAYTON POWELL JR BOULEVARD & WEST 135 STREET,40.8153063775147,-73.94369913658718,Other,Raised Crosswalk 
57844,311,0.0,130.0,126.06087996146482,0.255127000704199,BARTOW AVENUE & BAYCHESTER AVENUE,40.86877106968738,-73.83173257017675,Other,Raised Crosswalk 
38495,41,0.0,43.0,125.61373438213434,0.254221933518217,BROOKVILLE BOULEVARD & ROCKAWAY BOULEVARD,40.64064503119173,-73.74338328493,Other,Raised Crosswalk 
42833,159,0.0,85.0,125.59821690737088,0.2541905246038344,EAST 135 STREET & LINCOLN AVENUE,40.80904623946346,-73.92855602086918,Other,Raised Crosswalk 
29630,167,0.0,101.0,125.558423318192,0.2541099784160981,FORCE TUBE AVENUE & HIGHLAND BOULEVARD & HIGHLAND PARK GREENWAY & HIGHLAND PLACE & JAMAICA AVENUE,40.68536029028155,-73.88220333052422,Other,Raised Crosswalk 
17355,229,1.0,106.0,125.52056387445396,0.2540333471313649,AVENUE M & OCEAN PARKWAY,40.617002988063405,-73.96911050621073,Other,Raised Crosswalk 
17396,168,4.0,101.0,125.5140625861016,0.2540201878762446,OCEAN PARKWAY & QUENTIN ROAD,40.60725572500751,-73.96727203268946,Other,Raised Crosswalk 
26237,257,0.0,130.0,125.38598710095204,0.2537609503386374,KINGS HIGHWAY & UTICA AVENUE,40.63413058300511,-73.92850140204037,Other,Raised Crosswalk 
86448,198,0.0,127.0,125.38315982580176,0.253755227652151,BELT PARKWAY & COHANCY STREET,40.66635278210463,-73.83489129959655,Other,Raised Crosswalk 
22754,684,0.0,108.0,125.21927713136192,0.253423512756725,3 AVENUE & EAST 59 STREET,40.76155093521171,-73.96658338430001,Driver Inattention/Distraction,Turn Calming
52370,188,3.0,96.0,125.172762386973,0.2533293622814507,BRUCKNER BOULEVARD & ROSEDALE AVENUE,40.82520117355891,-73.86770310853787,Other,Raised Crosswalk 
42996,307,0.0,115.0,125.14844095477984,0.2532801332804013,COURTLANDT AVENUE & EAST 149 STREET & WHITE PLAINS ROAD LINE,40.81655510822907,-73.91954495276035,Other,Raised Crosswalk 
26530,226,1.0,116.0,125.02667653001978,0.2530336699575718,EAST 80 STREET & FLATLANDS AVENUE,40.63550838473094,-73.91327777118924,Other,Raised Crosswalk 
24163,268,0.0,117.0,124.84416304741924,0.2526642444913771,8 AVENUE LINE & ST NICHOLAS AVENUE & WEST 125 STREET,40.81076533322876,-73.95259125740394,Other,Raised Crosswalk 
47818,54,0.0,56.0,124.76455211329665,0.2525031040318704,CONCOURSE LINE & EAST BURNSIDE AVENUE & GRAND CONCOURSE,40.852382969022194,-73.90364249479296,Driver Inattention/Distraction,Turn Calming
29300,404,1.0,183.0,124.59675411626458,0.2521634641740535,ATLANTIC AVENUE & GEORGIA AVENUE,40.675624721484866,-73.89877882141977,Other,Raised Crosswalk 
33830,103,0.0,71.0,124.57703451435133,0.2521235497358094,BELT PARKWAY EXIT 19 EASTBOUND & LEFFERTS BOULEVARD & NASSAU EXPRESSWAY,40.663860137741565,-73.82296101260683,Other,Raised Crosswalk 
48224,170,0.0,101.0,124.54997601505798,0.2520687806383513,EAST TREMONT AVENUE & SOUTHERN BOULEVARD,40.8427104093924,-73.88565994548424,Other,Raised Crosswalk 
16624,197,1.0,109.0,124.23095509997049,0.2514230505333595,AVENUE U & OCEAN PARKWAY,40.59783309326579,-73.96548618146048,Other,Raised Crosswalk 
21407,515,1.0,125.0,124.18085301206918,0.2513216389175351,7 AVENUE & IRT-1-BROADWAY/ 7 AVENUE LINE & WEST 42 STREET,40.75603590257209,-73.98694873821407,Other,Raised Crosswalk 
15086,344,1.0,120.0,123.72388042908304,0.2503966808974346,ATLANTIC AVENUE & NEVINS STREET,40.68608648546903,-73.98266032254286,Other,Raised Crosswalk 
97490,200,1.0,93.0,123.7175131188583,0.2503837928273882,BELT PARKWAY & BELT PARKWAY EXIT 6 NORTH WB,40.58361967363527,-73.98409713101847,Other,Raised Crosswalk 
42071,218,1.0,91.0,123.34907602565102,0.2496380394562829,2 AVENUE & 2 AVENUE LINE & EAST 116 STREET,40.79700274523824,-73.93777473078273,Other,Raised Crosswalk 
26220,318,0.0,174.0,123.3037085646112,0.2495462111967708,LINDEN BOULEVARD & UTICA AVENUE,40.65380495573314,-73.9306040558019,Other,Raised Crosswalk 
22470,578,0.0,112.0,123.2257654297766,0.2493884465291272,2 AVENUE & 2 AVENUE LINE & EAST 34 STREET,40.74477922403737,-73.97588117663996,Other,Raised Crosswalk 
62636,139,0.0,68.0,123.11242227960224,0.2491590287047751,CROSS ISLAND PARKWAY & UNION TURNPIKE,40.74105115306722,-73.72586452339206,Other,Raised Crosswalk 
29256,404,1.0,128.0,123.0633623842044,0.2490597265903748,BUSHWICK AVENUE & CEMETERY OF EVERGRNS BOUNDARY & CONWAY STREET & DISTRICT BOUNDARY,40.68066450259017,-73.90262262279408,Other,Raised Crosswalk 
42542,271,0.0,88.0,122.47121154548802,0.247861154317612,2 AVENUE & EAST 126 STREET & RFK BRIDGE PED AND BIKE PATH,40.80342521448014,-73.93308208233813,Other,Raised Crosswalk 
104240,156,0.0,97.0,122.41724569820671,0.2477519220679918,37 STREET & GOWANUS EXPRESSWAY,40.65499944180445,-74.00709782281102,Other,Raised Crosswalk 
20695,677,0.0,120.0,122.40185588991989,0.2477207715632729,BOWERY & EAST HOUSTON STREET,40.724136448826414,-73.99260322225936,Other,Raised Crosswalk 
22556,642,0.0,97.0,122.13624219277504,0.2471831429864834,2 AVENUE & 2 AVENUE LINE & EAST 36 STREET & QUEENS MIDTOWN TUNNEL ENTRANCE,40.74607779678814,-73.97493633192498,Driver Inattention/Distraction,Turn Calming
18254,307,0.0,117.0,121.97952123843469,0.2468659241662915,2010 CB BOUNDARY & FLATBUSH AVENUE & PARKSIDE AVENUE,40.65563478870288,-73.9598610320365,Other,Raised Crosswalk 
19006,240,0.0,110.0,121.72377783071344,0.2463482740383258,EASTERN PARKWAY & EASTERN PARKWAY LINE & NEW YORK AVENUE,40.66971344248142,-73.94772996319838,Other,Raised Crosswalk 
24020,400,1.0,97.0,121.61309349046168,0.2461242379100609,BROADWAY & IRT-1-BROADWAY/ 7 AVENUE LINE & WEST 125 STREET,40.81569078942505,-73.95829447439807,Other,Raised Crosswalk 
38808,287,1.0,120.0,121.43052887301128,0.2457547089418374,SOUTH CONDUIT AVENUE & SPRINGFIELD BOULEVARD,40.665636887441686,-73.75815940084185,Other,Raised Crosswalk 
22915,485,0.0,98.0,121.31414127698748,0.2455191288558748,1 AVENUE & EAST 62 STREET,40.76148485370431,-73.96060027607872,Driver Inattention/Distraction,Turn Calming
28911,252,1.0,129.0,121.0972854740674,0.2450801911130336,PENNSYLVANIA AVENUE & STANLEY AVENUE,40.65698028428873,-73.8894165778832,Other,Raised Crosswalk 
29345,285,0.0,130.0,121.0741317665537,0.2450333257030348,LIVONIA AVENUE & NEW LOTS LINE & PENNSYLVANIA AVENUE,40.6647520939834,-73.89404236484992,Other,Raised Crosswalk 
21503,290,0.0,121.0,120.99550739891508,0.2448741821523485,EAST 34 STREET & LEXINGTON AVENUE LINE & PARK AVENUE,40.74707866361942,-73.98134068711242,Other,Raised Crosswalk 
38902,216,0.0,126.0,120.93217559221392,0.2447459922680607,225 STREET & SOUTH CONDUIT AVENUE,40.665488614607874,-73.75234811799544,Other,Raised Crosswalk 
45135,277,0.0,116.0,120.72132200596036,0.2443192036095427,MAURICE AVENUE & QUEENS MIDTOWN EXPRESSWAY,40.727732683030304,-73.90673028068402,Other,Raised Crosswalk 
36808,325,0.0,106.0,120.53022333251042,0.2439324008620276,FARMERS BOULEVARD & NORTH CONDUIT AVENUE,40.66743299482067,-73.76675402206659,Other,Raised Crosswalk 
44082,180,0.0,123.0,120.51425724038936,0.2439000839014334,CONCOURSE LINE & EAST 169 STREET & GRAND CONCOURSE,40.83639359291837,-73.91587067558612,Other,Raised Crosswalk 
17929,207,1.0,109.0,120.50557100088778,0.243882502087577,DITMAS AVENUE & OCEAN PARKWAY,40.636134152752746,-73.9727345731107,Other,Raised Crosswalk 
26107,185,0.0,91.0,120.11226305351906,0.2430864076306389,ALBANY AVENUE & WINTHROP STREET,40.657767847227305,-73.93961482354445,Driver Inattention/Distraction,Turn Calming
99876,316,0.0,115.0,119.84175304185042,0.2425388684256053,VAN WYCK EXPRESSWAY,40.703162852625425,-73.81662997043391,Other,Raised Crosswalk 
89273,301,0.0,76.0,119.61078531110772,0.2420713667353752,2010 CB BOUNDARY & FRANKLIN D ROOSEVELT DRIVE,40.76126124002465,-73.95573127985277,Other,Raised Crosswalk 
9031028,171,1.0,89.0,119.536956121341,0.2419219291022769,BRUCKNER EXPRESSWAY & PELHAM PARKWAY GREENWAY,40.85637638946291,-73.82630298117833,Other,Raised Crosswalk 
39252,353,2.0,135.0,119.41198130011728,0.2416689676172659,BROOKVILLE BOULEVARD & SUNRISE HIGHWAY,40.66562918931126,-73.73920855052695,Other,Raised Crosswalk 
17354,263,0.0,104.0,119.31747897987285,0.2414776855091424,AVENUE L & OCEAN PARKWAY,40.61939824196774,-73.96956472886819,Driver Inattention/Distraction,Turn Calming
47454,211,1.0,97.0,119.30304644830046,0.2414484726278334,SOUTHERN BOULEVARD & WESTCHESTER AVENUE,40.8246564090145,-73.89193001409963,Other,Raised Crosswalk 
17295,218,1.0,106.0,119.25560808807045,0.2413524526621094,BAY PARKWAY & CULVER LINE & MCDONALD AVENUE,40.620913355271135,-73.97529586365638,Other,Raised Crosswalk 
21002,382,0.0,100.0,119.07269386060064,0.2409822160483872,2 AVENUE & 2 AVENUE LINE & EAST 23 STREET,40.737886163684024,-73.98090534068723,Other,Raised Crosswalk 
48750,229,0.0,116.0,118.97187849159026,0.240778155700814,CONCOURSE LINE & EAST 188 STREET & GRAND CONCOURSE,40.86135113675212,-73.89773815490679,Other,Raised Crosswalk 
58623,183,0.0,95.0,118.69802762546512,0.2402238542736284,GRAND CENTRAL PARKWAY & HOMELAWN STREET & UTOPIA PARKWAY,40.7201320684874,-73.79037191544865,Driver Inattention/Distraction,Turn Calming
20574,239,1.0,106.0,118.6519115119153,0.2401305106668741,6 AVENUE LINE & CHRYSTIE STREET & GRAND STREET,40.71814447644743,-73.99382785698748,Driver Inattention/Distraction,Turn Calming
18838,310,1.0,127.0,118.63234556444702,0.2400909072405298,EASTERN PARKWAY & EASTERN PARKWAY LINE & FRANKLIN AVENUE,40.670657273393125,-73.95797317182644,Other,Raised Crosswalk 
53153,279,0.0,93.0,118.5693531909906,0.2399634044029352,BRUCKNER BOULEVARD & BRUSH AVENUE,40.828519667883455,-73.84117975466133,Other,Raised Crosswalk 
17399,369,2.0,142.0,118.56276049208428,0.2399500601237496,AVENUE P & OCEAN PARKWAY,40.60941778735753,-73.96768635760037,Driver Inattention/Distraction,Turn Calming
103969,461,1.0,125.0,118.49245321983788,0.2398077512024775,FDR DRIVE SB ENTRANCE E 78 ST,40.768887853022775,-73.94906402688952,Other,Raised Crosswalk 
88727,353,1.0,100.0,118.46408605598342,0.2397503332376113,FRANKLIN D ROOSEVELT DRIVE,40.70866194661557,-73.99815815514293,Other,Raised Crosswalk 
26232,310,1.0,163.0,118.4116910770618,0.2396442805820016,UTICA AVENUE & WINTHROP STREET,40.658295915695064,-73.93108323129763,Other,Raised Crosswalk 
48160,260,0.0,107.0,118.31859653656794,0.239455847960301,WESTCHESTER AVENUE & WHITLOCK AVENUE,40.827655777454616,-73.88609624307277,Other,Raised Crosswalk 
48736,255,2.0,151.0,118.19299120823472,0.2392016102661051,CONCOURSE LINE & EAST 184 STREET & GRAND CONCOURSE,40.85930730839125,-73.89883814512532,Other,Raised Crosswalk 
27022,266,0.0,153.0,118.18407445276242,0.2391835618649657,KINGS HIGHWAY & ROCKAWAY PARKWAY,40.66077097275066,-73.91974399579615,Other,Raised Crosswalk 
18914,218,1.0,123.0,118.17975102074064,0.2391748108079619,FRANKLIN AVENUE & FULTON STREET & FULTON STREET LINE,40.68113695965451,-73.95566601528657,Other,Raised Crosswalk 
85401,194,0.0,80.0,117.81866898033512,0.2384439447962532,BELT PARKWAY & BELT PKWY EB EN CROPSEY AVE SB,40.5835206017417,-73.98412402584282,Other,Raised Crosswalk 
16047,422,0.0,115.0,117.7877709816644,0.2383814041696607,FLATBUSH AVENUE & FLATBUSH AVENUE EXTENSION & FULTON STREET,40.68890247732504,-73.98092822887676,Other,Raised Crosswalk 
14739,115,0.0,44.0,117.66358862222184,0.2381300467062199,2000 CB BOUNDARY & 3 AVENUE & GOWANUS EXPWY WB EN HAMILTON AVE & HAMILTON AVENUE,40.66707573236039,-73.99507117750714,Other,Raised Crosswalk 
18702,185,0.0,88.0,117.55221051057131,0.2379046063155478,ATLANTIC AVENUE & CARLTON AVENUE & LIRR ATLANTIC LINE,40.68242291292756,-73.97068348045255,Other,Raised Crosswalk 
43530,79,0.0,59.0,117.3274118193534,0.2374495913757207,ADAM CLAYTON POWELL JR BOULEVARD & HARLEM RIVER DRIVE & MACOMBS PLACE & WEST 155 STREET,40.82803199391023,-73.93483711589593,Other,Raised Crosswalk 
28564,216,2.0,109.0,117.26038487799806,0.2373139221708763,ROCKAWAY PARKWAY & SKIDMORE AVENUE,40.632435919465614,-73.8881715067446,Driver Inattention/Distraction,Turn Calming
26225,285,0.0,128.0,117.17978844630042,0.2371507869661271,CLARKSON AVENUE & UTICA AVENUE,40.65661035526698,-73.93090354965315,Other,Raised Crosswalk 
47326,191,1.0,116.0,117.0043750404541,0.2367957327624143,EAST 162 STREET & EAST 163 STREET & REV JAMES A POLITE AVENUE & WESTCHESTER AVENUE & WHITE PLAINS ROAD LINE,40.82106816724941,-73.89893339009693,Other,Raised Crosswalk 
20691,394,0.0,118.0,116.9287832913037,0.2366427275335816,2 AVENUE & 2 AVENUE LINE & CHRYSTIE STREET & EAST HOUSTON STREET,40.723649432121434,-73.99102410383016,Driver Inattention/Distraction,Turn Calming
3432,215,0.0,91.0,116.84496471412614,0.2364730703854718,RICHMOND AVENUE & RICHMOND HILL ROAD,40.58895348862873,-74.16758983552606,Driver Inattention/Distraction,Turn Calming
18877,240,0.0,125.0,116.7892710565314,0.236360340875696,BEDFORD AVENUE & EMPIRE BOULEVARD,40.66351739723817,-73.95720935470574,Driver Inattention/Distraction,Turn Calming
26233,253,0.0,142.0,116.74085422920083,0.2362623403951101,RUTLAND ROAD & UTICA AVENUE,40.66059330604155,-73.93132569701622,Other,Raised Crosswalk 
20369,546,0.0,105.0,116.73090165869247,0.236242195401176,BROADWAY & BROADWAY LINE & CANAL STREET,40.71939756973969,-74.00188406273293,Other,Raised Crosswalk 
50276,192,0.0,79.0,116.6794541532244,0.2361380605261997,QUEENS BOULEVARD & QUEENS BOULEVARD LINE & YELLOWSTONE BOULEVARD,40.72293310091308,-73.8473298838282,Other,Raised Crosswalk 
24255,241,0.0,106.0,116.64871453433176,0.2360758404760518,AMSTERDAM AVENUE & WEST 145 STREET,40.82523285883793,-73.94760500207282,Other,Raised Crosswalk 
22575,440,0.0,132.0,116.53868001131548,0.2358531196425901,2 AVENUE & 2 AVENUE LINE & EAST 42 STREET & FLUSHING LINE,40.749823005527205,-73.97220372237223,Driver Inattention/Distraction,Turn Calming
94066,169,0.0,73.0,116.32224829353235,0.2354150402903028,BROOKLYN QUEENS EXPRESSWAY & METROPOLITAN AVENUE,40.71406562908081,-73.95325272951816,Other,Raised Crosswalk 
42737,273,0.0,80.0,116.16011373550415,0.2350868637970794,3 AVENUE & EAST 135 STREET,40.80956472177863,-73.9292185415634,Other,Raised Crosswalk 
52583,69,0.0,45.0,116.00615372818636,0.2347752334086374,CROSS BRONX EXPRESSWAY & WHITE PLAINS ROAD,40.83396426115317,-73.86289361649739,Driver Inattention/Distraction,Turn Calming
26963,147,0.0,97.0,115.76563353847588,0.2342883965900803,ROCKAWAY PARKWAY & WINTHROP STREET,40.66274459962033,-73.92193009557572,Other,Raised Crosswalk 
49938,285,2.0,86.0,115.5720970240172,0.233896659409567,63 DRIVE & 63 ROAD & QUEENS BOULEVARD & QUEENS BOULEVARD LINE,40.73011648650852,-73.86231263304126,Other,Raised Crosswalk 
26344,219,2.0,139.0,115.55772895286992,0.2338675770025784,KINGS HIGHWAY & SNYDER AVENUE,40.65051944363799,-73.92358493268851,Other,Raised Crosswalk 
27127,300,0.0,122.0,115.54578635529316,0.2338434039956613,ATLANTIC AVENUE & LIRR ATLANTIC LINE & SARATOGA AVENUE,40.67664703938748,-73.91646486097487,Other,Raised Crosswalk 
21303,568,0.0,83.0,115.21857572934653,0.2331810971002373,10 AVENUE & WEST 42 STREET,40.75962685617849,-73.99547450293326,Other,Raised Crosswalk 
17384,239,0.0,113.0,115.2020870901632,0.2331477224523459,18 AVENUE & OCEAN PARKWAY,40.63311162131761,-73.97216146038596,Other,Raised Crosswalk 
15720,501,0.0,97.0,115.19697277261096,0.2331373705642603,ATLANTIC AVENUE & BOERUM PLACE,40.689136744298985,-73.9907066951193,Other,Raised Crosswalk 
38973,319,0.0,128.0,115.0685756224154,0.2328774819445637,MERRICK BOULEVARD & SPRINGFIELD BOULEVARD,40.68011688548934,-73.75323817300588,Driver Inattention/Distraction,Turn Calming
19748,247,0.0,96.0,114.9696959541768,0.2326773396481386,MYRTLE AVENUE & NOSTRAND AVENUE,40.69500377120168,-73.95248890954541,Other,Raised Crosswalk 
16619,117,0.0,79.0,114.8732606981834,0.2324821450855488,AVENUE V & OCEAN PARKWAY,40.595707173150174,-73.96506098458171,Other,Raised Crosswalk 
60971,266,1.0,115.0,114.86202844368172,0.2324594098837621,FRANCIS LEWIS BOULEVARD & HILLSIDE AVENUE,40.72106344330608,-73.759441430277,Other,Raised Crosswalk 
9027146,338,1.0,106.0,114.83588734206484,0.2324064976905693,2010 CB BOUNDARY & CROSS ISLAND PARKWAY,40.76210745782162,-73.75673001057594,Other,Raised Crosswalk 
47991,166,0.0,98.0,114.82803714100966,0.2323906081017936,EAST 180 STREET & WEBSTER AVENUE,40.85230779226399,-73.89810477701207,Other,Raised Crosswalk 
98957,157,0.0,73.0,114.78063748365037,0.2322946664745345,MAJOR DEEGAN EXPRESSWAY & METRO NORTH HARLEM LINE,40.81183903748295,-73.93146960004061,Other,Raised Crosswalk 
43048,200,1.0,115.0,114.55952352382153,0.2318471097980193,EAST 138 STREET & PELHAM LINE & ST ANNS AVENUE,40.806813637264334,-73.91749751885065,Other,Raised Crosswalk 
51248,216,1.0,114.0,114.36124240305254,0.2314457690617954,126 STREET & 2020 CB BOUNDARY & FLUSHING LINE & ROOSEVELT AVENUE & SEAVER WAY,40.75533680303126,-73.84324381431797,Other,Raised Crosswalk 
46381,223,1.0,80.0,114.2171228466208,0.2311540567260054,69 STREET & BROADWAY & BROOKLYN QUEENS EXPWY WB ET 40 & QUEENS BOULEVARD LINE,40.74899383081466,-73.89686930617393,Other,Raised Crosswalk 
54260,320,1.0,107.0,114.19919335845786,0.2311177656562782,EAST 233 STREET & WHITE PLAINS ROAD & WHITE PLAINS ROAD LINE,40.893411439233425,-73.85736281594374,Other,Raised Crosswalk 
55515,243,1.0,93.0,114.10164540295216,0.2309203188790562,FLUSHING LINE & MAIN STREET & ROOSEVELT AVENUE,40.75957044569993,-73.83013959591133,Other,Raised Crosswalk 
36309,194,1.0,104.0,113.96230612226697,0.2306382822974683,150 STREET & SOUTH CONDUIT AVENUE,40.66601047239358,-73.78953146919866,Other,Raised Crosswalk 
26822,198,1.0,85.0,113.8368883428553,0.2303844242209685,ATLANTIC AVENUE & LIRR ATLANTIC LINE & SCHENECTADY AVENUE,40.677563281027346,-73.93308084212738,Other,Raised Crosswalk 
9032172,244,0.0,89.0,113.65283566795352,0.2300118832762604,MACOMBS DAM BRDG PEDESTRIAN PATH & MAJOR DEEGAN EXPRESSWAY,40.828223910106985,-73.93111990338662,Other,Raised Crosswalk 
27239,205,0.0,101.0,113.62571152165432,0.2299569813027243,LIVONIA AVENUE & NEW LOTS LINE & ROCKAWAY AVENUE,40.66255460700979,-73.90892035247025,Other,Raised Crosswalk 
20489,531,1.0,92.0,113.38287059903516,0.2294654470896269,CANAL STREET & LAFAYETTE STREET & LEXINGTON AVENUE LINE & MANHATTAN BRIDGE LINE,40.718430238276326,-74.0005319559787,Other,Raised Crosswalk 
26509,224,2.0,132.0,113.2432177049859,0.2291827757233558,CHURCH AVENUE & LINDEN BOULEVARD,40.65431417282276,-73.91757588611365,Other,Raised Crosswalk 
18225,152,0.0,70.0,113.20033451721868,0.2290959758803684,BEVERLEY ROAD & FLATBUSH AVENUE,40.64506996268456,-73.95802176472351,Other,Raised Crosswalk 
28719,240,1.0,131.0,113.16121255111622,0.2290167891246289,LINDEN BOULEVARD & MOTHER GASTON BOULEVARD,40.65531163303184,-73.90317858366693,Other,Raised Crosswalk 
31214,213,1.0,108.0,113.159457664532,0.2290132370594047,EUCLID AVENUE & LINDEN BOULEVARD,40.66795487193068,-73.87006490234002,Other,Raised Crosswalk 
13740,311,0.0,109.0,113.07734671899745,0.2288470363278117,65 STREET & BAY PARKWAY,40.613837688218254,-73.9814375000531,Other,Raised Crosswalk 
99842,231,0.0,82.0,113.07636678412148,0.2288450528420263,LONG ISLAND EXPRESSWAY,40.73935861905163,-73.79199396000591,Other,Raised Crosswalk 
21816,280,0.0,118.0,112.9157689745844,0.2285199868808012,1 AVENUE & DISTRICT BOUNDARY & EAST 23 STREET,40.73688765902104,-73.97854094704853,Other,Raised Crosswalk 
44485,220,0.0,101.0,112.77040321254204,0.2282257521007396,8 AVENUE LINE & BROADWAY & WEST 204 STREET,40.86701558127346,-73.92310988026207,Other,Raised Crosswalk 
48752,258,1.0,110.0,112.7660737777306,0.2282169888934917,CONCOURSE LINE & EAST FORDHAM ROAD & GRAND CONCOURSE,40.86244506444083,-73.89714379848796,Other,Raised Crosswalk 
18570,488,0.0,87.0,112.7499158412272,0.2281842836207608,4 AVENUE & 4 AVENUE LINE & ATLANTIC AVENUE,40.68442334208804,-73.97838862613504,Other,Raised Crosswalk 
28696,222,0.0,117.0,112.55097228526512,0.227781602049731,FLATLANDS AVENUE & ROCKAWAY PARKWAY,40.64365991439069,-73.90066994150385,Other,Raised Crosswalk 
32478,197,2.0,116.0,112.45810529068464,0.2275936300036214,91 AVENUE & WOODHAVEN BOULEVARD,40.689840521361255,-73.85006954944353,Other,Raised Crosswalk 
56073,33,0.0,37.0,112.43520150744357,0.2275472704652416,LINDEN PLACE & WHITESTONE EXPRESSWAY,40.7713453847596,-73.8333898321115,Other,Raised Crosswalk 
5910,290,0.0,94.0,112.37767059623918,0.2274308221711789,DR M L KING EP NB EN VICTORY BL & LOOP ROAD & VICTORY BOULEVARD,40.60884986387469,-74.15338665339321,Driver Inattention/Distraction,Turn Calming
69173,252,0.0,110.0,112.3430698495394,0.2273607868138007,ATLANTIC AVENUE & GRAND AVENUE & LIRR ATLANTIC LINE,40.68046352334825,-73.96134655860571,Other,Raised Crosswalk 
9009342,188,2.0,91.0,112.32284718486936,0.2273198541264344,CROSS BRONX EXPRESSWAY,40.84512012725707,-73.9147991107342,Other,Raised Crosswalk 
16214,207,1.0,91.0,112.26265059627204,0.2271980102358405,BRIGHTON BEACH AVENUE & BRIGHTON LINE & OCEAN PARKWAY & WEST BRIGHTON AVENUE,40.57630503138596,-73.96853234187793,Driver Inattention/Distraction,Turn Calming
16474,256,0.0,109.0,112.19894539330264,0.2270690645603175,NEPTUNE AVENUE & WEST 5 STREET,40.57980527634685,-73.97183330853022,Driver Inattention/Distraction,Turn Calming
80357,195,0.0,84.0,112.13193831393605,0.2269334355581164,BELT PARKWAY & ROCKAWAY PARKWAY,40.63052096284753,-73.88594582579258,Other,Raised Crosswalk 
9032688,226,0.0,94.0,111.96192173830184,0.2265893050762497,HARLEM RIVER DRIVE & HRD NB EN FREDERICK DOUGLASS BL,40.831965175166154,-73.93528053198567,Other,Raised Crosswalk 
17934,181,1.0,66.0,111.62439703512445,0.2259061214612812,AVENUE C & OCEAN PARKWAY,40.64091483767279,-73.97364078325131,Other,Raised Crosswalk 
14825,328,0.0,104.0,111.60485695072184,0.2258665703843577,4 AVENUE & 4 AVENUE LINE & PROSPECT AVENUE,40.66550728151165,-73.99277080640512,Other,Raised Crosswalk 
43907,110,0.0,84.0,111.5666613975069,0.2257892587805685,EDWARD L GRANT HIGHWAY & PLIMPTON AVENUE,40.84275115499951,-73.92281874410193,Other,Raised Crosswalk 
9041937,313,0.0,88.0,111.28359072317456,0.2252162955433257,EAST GUN HILL ROAD & OLINVILLE AVENUE,40.87781437019084,-73.86811884923736,Other,Raised Crosswalk 
94610,249,0.0,83.0,111.26326799657964,0.2251751603206578,BROOKLYN QUEENS EXPRESSWAY & BROOKLYN QUEENS EXPWY WB ET 29,40.696558535601774,-73.98090810216706,Other,Raised Crosswalk 
29066,228,2.0,84.0,111.25534364654985,0.2251591206469727,PENNSYLVANIA AVENUE & SEAVIEW AVENUE,40.644042965713815,-73.8775194825451,Other,Raised Crosswalk 
97011,197,0.0,85.0,110.90024815560103,0.2244403720075941,FRANCIS LEWIS BOULEVARD & LONG ISLAND EXPRESSWAY,40.743291242842915,-73.77572220596375,Other,Raised Crosswalk 
20597,431,0.0,126.0,110.65650721237763,0.2239470160631562,BROADWAY & BROADWAY LINE & EAST HOUSTON STREET & HOUSTON/ESSEX STREET LINE & WEST HOUSTON STREET,40.72543194425656,-73.99677175813488,Other,Raised Crosswalk 
31909,312,0.0,107.0,110.60582163967928,0.2238444234159904,156 AVENUE & CROSS BAY BOULEVARD,40.66419332930656,-73.84111769685438,Other,Raised Crosswalk 
97391,253,0.0,107.0,110.55905415784808,0.2237497613749616,BELT PARKWAY & COHANCY STREET,40.66646291020824,-73.83485632880597,Other,Raised Crosswalk 
32502,312,0.0,135.0,110.55597847386036,0.223743535884248,PARK LANE SOUTH & WOODHAVEN BOULEVARD,40.69756075016209,-73.85274511702985,Driver Inattention/Distraction,Turn Calming
48621,102,1.0,45.0,110.53088428076848,0.2236927427381765,MAJOR DEEGAN EXPRESSWAY & WEST 230 STREET,40.87647697754377,-73.90448464829177,Other,Raised Crosswalk 
19026,199,0.0,82.0,110.47547793496142,0.2235805947760738,ATLANTIC AVENUE & LIRR ATLANTIC LINE & NEW YORK AVENUE,40.678320580964254,-73.94691891476708,Other,Raised Crosswalk 
22572,386,0.0,92.0,110.4604268892109,0.2235501299604674,3 AVENUE & EAST 42 STREET & FLUSHING LINE,40.75076469275329,-73.9744445163771,Other,Raised Crosswalk 
18436,280,1.0,111.0,110.4062864890058,0.2234405443983449,CHURCH AVENUE & NOSTRAND AVENUE & NOSTRAND AVENUE LINE,40.650807900055376,-73.94957113064687,Other,Raised Crosswalk 
95453,262,0.0,99.0,110.27405266805567,0.2231728899749282,AMTRAK-NORTHEAST LINE & HENRY HUDSON PARKWAY & WEST 79 STREET,40.7855093334149,-73.98393581569458,Other,Raised Crosswalk 
41911,285,0.0,100.0,110.04385800040176,0.2227069530413829,51 STREET & NORTHERN BOULEVARD & QUEENS BOULEVARD LINE & WOODSIDE AVENUE,40.7529765233235,-73.91023124700793,Driver Inattention/Distraction,Turn Calming
42495,390,1.0,142.0,110.0300743480496,0.2226790535562407,2 AVENUE LINE & EAST 125 STREET & LEXINGTON AVENUE & LEXINGTON AVENUE LINE,40.80437467775932,-73.93741852725215,Other,Raised Crosswalk 
36398,199,0.0,85.0,109.78489118349736,0.2221827784121954,150 STREET & ROCKAWAY BOULEVARD & SUTPHIN BOULEVARD,40.673009625916826,-73.7880864731932,Other,Raised Crosswalk 
12789,270,1.0,92.0,109.69723720183326,0.2220053580234181,BATH AVENUE & BAY PARKWAY,40.5985516120427,-73.99733919665805,Other,Raised Crosswalk 
13002,358,1.0,87.0,109.65049454931643,0.2219107462393945,CROPSEY AVENUE & NEPTUNE AVENUE & WEST 17 STREET,40.57893714247731,-73.98521063866067,Driver Inattention/Distraction,Turn Calming
86517,209,1.0,87.0,109.60228377110523,0.2218131628227476,LINDEN PLACE & WHITESTONE EXPRESSWAY,40.771250351792204,-73.83335060283292,Other,Raised Crosswalk 
42922,215,4.0,109.0,109.45228432768856,0.2215095490100934,EAST 138 STREET & PELHAM LINE & WILLIS AVENUE,40.80910586451676,-73.92288629843576,Other,Raised Crosswalk 
44541,224,2.0,92.0,109.3130922539256,0.2212278103899772,SHERMAN AVENUE & WEST 207 STREET,40.86579683102426,-73.91999591630027,Other,Raised Crosswalk 
20960,221,1.0,134.0,109.25822528581529,0.2211167541820519,AVENUE C & EAST HOUSTON STREET & PITT STREET,40.72070878494116,-73.98130824236414,Other,Raised Crosswalk 
20752,431,2.0,126.0,109.076895124882,0.2207497238767646,6 AVENUE LINE & AVENUE OF THE AMERICAS & PATH-JOURNAL SQ- 33 ST LINE & WEST 23 STREET,40.74291001945103,-73.9928034089221,Other,Raised Crosswalk 
29355,193,0.0,116.0,108.94002609267808,0.220472687324127,PENNSYLVANIA AVENUE & SUTTER AVENUE,40.66937013822622,-73.89522126269077,Other,Raised Crosswalk 
7357,221,2.0,120.0,108.91229883641724,0.2204165645959619,ALLISON AVENUE & EBBITTS AVENUE & HYLAN BOULEVARD,40.566497188593154,-74.11376161210971,Other,Raised Crosswalk 
47846,127,0.0,102.0,108.68861647112482,0.2199638092109882,CLAREMONT PARKWAY & WASHINGTON AVENUE,40.83887349786134,-73.9026474928017,Other,Raised Crosswalk 
13098,194,1.0,89.0,108.6245699168885,0.2198341726065041,NEPTUNE AVENUE & STILLWELL AVENUE,40.57919970870902,-73.98193839571304,Driver Inattention/Distraction,Turn Calming
24288,193,0.0,114.0,108.57890602213293,0.2197417443356279,FREDERICK DOUGLASS BOULEVARD & WEST 135 STREET,40.816502340158024,-73.94654653378495,Other,Raised Crosswalk 
57993,260,1.0,87.0,108.52494635585012,0.2196325245969643,BARTOW AVENUE & CO-OP CITY BOULEVARD,40.86949964994389,-73.82618165448159,Other,Raised Crosswalk 
47697,281,0.0,69.0,108.40723994010024,0.2193942750885283,BRONX RIVER PARKWAY ET 2 W SB & BRUCKNER BOULEVARD & CT BOUNDARY & MORRISON AVENUE,40.824419845678655,-73.87356808514832,Other,Raised Crosswalk 
19656,247,0.0,92.0,108.36804220808284,0.2193149349750311,BEDFORD AVENUE & PARK AVENUE,40.6967845396274,-73.95658117244395,Other,Raised Crosswalk 
30030,270,0.0,81.0,108.28820702285716,0.2191533406089574,FRESH POND ROAD & METROPOLITAN AVENUE,40.71269738561736,-73.90059587815654,Other,Raised Crosswalk 
47849,171,0.0,92.0,108.23451996009362,0.2190446726469666,3 AVENUE & CLAREMONT PARKWAY,40.83819811774142,-73.90117493564316,Other,Raised Crosswalk 
3045,215,0.0,83.0,108.19435913571084,0.2189633831386028,ARTHUR KILL ROAD & DRUMGOOLE ROAD WEST,40.56152092333396,-74.17185166510367,Other,Raised Crosswalk 
17349,214,2.0,105.0,108.0792818190291,0.2187304551885256,AVENUE N & OCEAN PARKWAY,40.614621491818575,-73.96865662874914,Driver Inattention/Distraction,Turn Calming
19901,180,1.0,119.0,107.85744684716106,0.2182814391118339,MYRTLE AVENUE & THROOP AVENUE,40.69603085477544,-73.94352527487224,Other,Raised Crosswalk 
44103,391,0.0,102.0,107.83009015919964,0.2182260664508135,EAST MOUNT EDEN AVENUE & JEROME AVENUE & JEROME AVENUE LINE & WEST MOUNT EDEN AVENUE,40.84434250297019,-73.91474419459185,Other,Raised Crosswalk 
47444,467,1.0,165.0,107.81745980105988,0.2182005013480195,BRUCKNER BOULEVARD & HUNTS POINT AVENUE,40.820306481958056,-73.89082378060472,Other,Raised Crosswalk 
20238,472,0.0,132.0,107.79905133093776,0.2181632407711027,CANAL STREET & IRT-1-BROADWAY/ 7 AVENUE LINE & VARICK STREET,40.72254950252448,-74.0062984174559,Other,Raised Crosswalk 
61103,333,1.0,97.0,107.79749964696845,0.2181601000082089,212 STREET & CLEARVIEW EXPRESSWAY & HILLSIDE AVENUE,40.724691905784944,-73.75409142414787,Other,Raised Crosswalk 
16623,174,0.0,85.0,107.75757988590502,0.2180792984360122,AVENUE T & OCEAN PARKWAY,40.600084744583725,-73.96590395363964,Other,Raised Crosswalk 
37038,203,1.0,124.0,107.68223133286716,0.2179267854603323,ARCHER AVENUE & GUY R BREWER BOULEVARD,40.70329413654936,-73.79609008926145,Other,Raised Crosswalk 
18249,268,1.0,95.0,107.66873406423278,0.2178994656443573,CATON AVENUE & FLATBUSH AVENUE,40.65292817868586,-73.95932926427675,Other,Raised Crosswalk 
50908,195,0.0,88.0,107.65555251793872,0.2178727848818434,108 STREET & NORTHERN BOULEVARD,40.75782499361508,-73.86099882428913,Driver Inattention/Distraction,Turn Calming
43859,174,1.0,84.0,107.55857830280144,0.2176764994122687,EAST 158 STREET & GRAND CONCOURSE,40.82541321943394,-73.92347379187667,Other,Raised Crosswalk 
39608,256,1.0,119.0,107.5128341354664,0.217583908661697,FARMERS BOULEVARD & LINDEN BOULEVARD,40.69166785353126,-73.76238524120615,Other,Raised Crosswalk 
41795,286,0.0,106.0,107.22494450123956,0.2170011913696839,30 AVENUE & STEINWAY STREET,40.76389230378615,-73.91499211698698,Other,Raised Crosswalk 
32427,246,2.0,84.0,107.17529697729104,0.2169006998365722,FOREST PARK DRIVE & WOODHAVEN BOULEVARD,40.700594049860555,-73.85456630579507,Other,Raised Crosswalk 
41266,307,3.0,115.0,107.09271942743432,0.2167335546513598,58 STREET & QUEENS BOULEVARD,40.74186224776642,-73.90750569603372,Driver Inattention/Distraction,Turn Calming
40684,215,0.0,94.0,106.98816707455742,0.2165219302762563,GREENPOINT AVENUE & JJ BYRNE MEMORIAL BRIDGE & REVIEW AVENUE & VAN DAM STREET,40.73431476137085,-73.93801474211465,Driver Inattention/Distraction,Turn Calming
49612,350,0.0,91.0,106.75242264273864,0.2160447600673131,BAINBRIDGE AVENUE & EAST GUN HILL ROAD,40.881076521043646,-73.87848743410898,Other,Raised Crosswalk 
23415,319,2.0,83.0,106.61381992106492,0.2157642143545219,BROADWAY & IRT-1-BROADWAY/ 7 AVENUE LINE & WEST 96 STREET,40.79465094296704,-73.97178424740953,Other,Raised Crosswalk 
54218,239,0.0,98.0,106.58994817817918,0.2157158955694175,CARPENTER AVENUE & EAST 233 STREET,40.894314875704936,-73.86026133214875,Other,Raised Crosswalk 
57959,72,1.0,67.0,106.58654228271888,0.215709001697796,BRUCKNER EXPRESSWAY & PELHAM PARKWAY,40.856604200128,-73.82645589916147,Other,Raised Crosswalk 
44248,162,3.0,74.0,106.57584795289578,0.2156873553091334,EAST 168 STREET & WEBSTER AVENUE,40.83228142228707,-73.90962130598643,Other,Raised Crosswalk 
44086,165,1.0,87.0,106.56288799253169,0.2156611230586105,EAST 170 STREET & JEROME AVENUE & JEROME AVENUE LINE & WEST 170 STREET,40.840225494755416,-73.91768361997241,Other,Raised Crosswalk 
15831,316,0.0,85.0,106.51255833945574,0.2155592508282083,ATLANTIC AVENUE & CULVER/ 6 AVENUE LINE & SMITH STREET,40.68861555474692,-73.98916812696125,Other,Raised Crosswalk 
86798,145,0.0,91.0,106.43942208964046,0.2154112157745851,109 AVENUE & VAN WYCK EXPRESSWAY,40.68706639989965,-73.80796318224088,Other,Raised Crosswalk 
53877,36,0.0,33.0,106.42134110231387,0.2153746180554621,EASTCHESTER ROAD & PELHAM PARKWAY SOUTH,40.85713705283611,-73.84379361254446,Driver Inattention/Distraction,Turn Calming
48822,237,0.0,127.0,106.4207869900936,0.2153734964771414,EAST 188 STREET & WEBSTER AVENUE,40.859874205898485,-73.8932152083795,Other,Raised Crosswalk 
18176,204,0.0,107.0,106.22095449766924,0.2149690156101784,CATON AVENUE & OCEAN AVENUE,40.65216985772904,-73.9614073964676,Driver Inattention/Distraction,Turn Calming
42492,357,1.0,110.0,106.17640830279346,0.2148788496751762,EAST 125 STREET & METRO NORTH-CONNECTING RAIL LINE & METRO NORTH-HARLEM/HUDSON LINES & PARK AVENUE,40.805056456013745,-73.93903498268008,Other,Raised Crosswalk 
22393,182,0.0,58.0,105.99651318107186,0.2145147240321759,BQE WB EN MC GUINNESS BLVD S & HUMBOLDT STREET & MEEKER AVENUE,40.72024041217812,-73.94440536741809,Other,Raised Crosswalk 
42119,255,1.0,112.0,105.96372362492258,0.2144483547048573,1 AVENUE & EAST 116 STREET,40.79600549473343,-73.93541084845027,Other,Raised Crosswalk 
24141,207,2.0,105.0,105.79982311242684,0.2141166037439116,ADAM CLAYTON POWELL JR BOULEVARD & WEST 116 STREET,40.80321652923418,-73.95252974960091,Driver Inattention/Distraction,Turn Calming
85307,277,0.0,88.0,105.44977227044402,0.2134080659764614,BROOKLYN QUEENS EXPRESSWAY & BROOKLYN QUEENS EXPWY WB ET 29,40.69665692312196,-73.98084445561709,Other,Raised Crosswalk 
91370,193,1.0,47.0,105.4417559498498,0.2133918401451941,HARLEM RIVER DRIVE & RFK BR EN FDR AND HARLEM RVR DRV,40.80115171442167,-73.92988212530322,Other,Raised Crosswalk 
24407,360,0.0,87.0,105.32963417205885,0.2131648945001885,DISTRICT BOUNDARY & RIVERSIDE DRIVE & WEST 165 STREET,40.84105098254279,-73.94468025926712,Other,Raised Crosswalk 
32363,216,1.0,92.0,105.06567223021813,0.2126306092406409,UNION TURNPIKE & WOODHAVEN BOULEVARD,40.70559168988392,-73.85823279753743,Other,Raised Crosswalk 
54104,179,1.0,87.0,104.78435441518982,0.2120611939652053,BAYCHESTER AVENUE & GIVAN AVENUE,40.87747543719619,-73.83660117115363,Other,Raised Crosswalk 
23418,312,3.0,53.0,104.6787004601889,0.2118473398376889,AMSTERDAM AVENUE & DISTRICT BOUNDARY & WEST 96 STREET,40.79405173704315,-73.97036786182709,Other,Raised Crosswalk 
19655,258,1.0,82.0,104.67021923499011,0.2118301729931998,2020 CB BOUNDARY & BEDFORD AVENUE & FLUSHING AVENUE,40.69897391389275,-73.95701993199235,Other,Raised Crosswalk 
84933,141,0.0,83.0,104.63606472361788,0.2117610408605674,BROOK AVENUE & MAJOR DEEGAN EXPRESSWAY,40.80531283629243,-73.92086384645366,Other,Raised Crosswalk 
55559,238,0.0,71.0,104.5768112537285,0.2116411059361682,BOOTH MEMORIAL AVENUE & MAIN STREET,40.74655675079865,-73.82620015927748,Other,Raised Crosswalk 
20883,283,0.0,107.0,104.54976735921517,0.2115863664002393,AVENUE A & EAST HOUSTON STREET & ESSEX STREET,40.72224191939589,-73.98628573971448,Other,Raised Crosswalk 
26238,229,0.0,109.0,104.3164414690831,0.2111140915605444,GLENWOOD ROAD & UTICA AVENUE,40.63518764578962,-73.92861283782325,Other,Raised Crosswalk 
23725,360,0.0,79.0,104.17889415467366,0.2108356820971694,2 AVENUE & 2 AVENUE LINE & EAST 96 STREET,40.78424490559578,-73.9470895191364,Other,Raised Crosswalk 
46240,197,0.0,87.0,103.93826452782815,0.2103486237669516,43 STREET & ASTORIA BOULEVARD NORTH & SOUND STREET,40.7688881230587,-73.90690774304572,Other,Raised Crosswalk 
54966,341,0.0,72.0,103.90088236135564,0.2102729585389382,MAIN STREET & UNION TURNPIKE,40.71767879927697,-73.81712480114913,Driver Inattention/Distraction,Turn Calming
27318,162,0.0,84.0,103.88885061463296,0.210248605085271,MARCUS GARVEY BOULEVARD & MYRTLE AVENUE,40.69635305420474,-73.94070625167085,Other,Raised Crosswalk 
3900,249,0.0,76.0,103.85458701128483,0.2101792521396144,RICHMOND AVENUE & VICTORY BOULEVARD,40.607189272126696,-74.16242019011236,Other,Raised Crosswalk 
42871,246,1.0,112.0,103.78913149762516,0.2100467636609322,EAST 149 STREET & PARK AVENUE & WHITE PLAINS ROAD LINE,40.81801266799573,-73.92518486534485,Other,Raised Crosswalk 
19745,186,0.0,73.0,103.78837138186414,0.2100452251109283,DEKALB AVENUE & NOSTRAND AVENUE,40.69132931188943,-73.9517574726909,Other,Raised Crosswalk 
15202,400,0.0,114.0,103.66091324655018,0.2097872371508732,MURRAY STREET & WEST STREET,40.7152378932875,-74.0133785887868,Other,Raised Crosswalk 
59005,223,1.0,84.0,103.59028109464506,0.2096442706408154,73 AVENUE & FRANCIS LEWIS BOULEVARD,40.73627042381242,-73.77285961107849,Other,Raised Crosswalk 
21225,651,2.0,105.0,103.5590031263584,0.2095809609178772,11 AVENUE & WEST 42 STREET,40.76082206888938,-73.99831211270654,Other,Raised Crosswalk 
25360,257,0.0,107.0,103.48045124257824,0.2094219640817395,BELT PARKWAY & FLATBUSH AVENUE,40.59651177458069,-73.907875364558,Other,Raised Crosswalk 
29048,142,0.0,108.0,103.45533207144634,0.2093711203776274,FLATLANDS AVENUE & SCHENCK AVENUE,40.65556305803385,-73.87973336098854,Driver Inattention/Distraction,Turn Calming
79643,215,0.0,90.0,103.39952455135078,0.2092581603988099,17 STREET & GOWANUS EXPRESSWAY,40.66652241587256,-73.99618487071471,Other,Raised Crosswalk 
95720,187,1.0,97.0,103.28443625481904,0.2090252102244227,HENRY HUDSON PARKWAY & ST CLAIR PLACE,40.81790997103432,-73.96157544008976,Other,Raised Crosswalk 
21217,761,0.0,32.0,103.2269191146758,0.2089087898043593,11 AVENUE & WEST 40 STREET,40.75952651830097,-73.99924343861099,Other,Raised Crosswalk 
51032,332,0.0,114.0,103.123017687316,0.2086984829673313,114 STREET & NORTHERN BOULEVARD,40.758305409838584,-73.855608198854,Other,Raised Crosswalk 
97013,219,0.0,81.0,103.07038789751309,0.2085919550311118,LONG ISLAND EXPRESSWAY & LONG ISLAND EXPWY EB ET 27 N-S,40.74335684142382,-73.77551238327618,Other,Raised Crosswalk 
